Name,Latitude,Longitude,Elevation
"Abby Rappoport, LAC, CMQ",34,119,40
The UPS Store,38,90,186
Target,32,110,773
St Honore Pastries,39,75,23
Perkiomen Valley Brewery,40,75,72
Sonic Drive-In,36,87,135
Famous Footwear,38,90,148
Temple Beth-El,27,82,12
Tsevi's Pub And Grill,38,90,159
Sonic Drive-In,36,86,149
Marshalls,28,82,26
Vietnamese Food Truck,27,82,18
Denny's,39,86,236
Adams Dental,27,82,16
Zio's Italian Market,27,82,9
Tuna Bar,39,75,14
Arizona Truck Outfitters,32,110,722
Herb Import Co,29,90,6
Nifty Car Rental,29,90,3
BAP,39,75,11
Roast Coffeehouse and Wine Bar,53,113,662
Barnes & Noble Booksellers,39,86,225
Hibachi Express,39,86,248
Romano's Macaroni Grill,39,119,1364
Super Dog,36,86,151
Indian Walk Veterinary Center,40,74,89
H&M,34,119,23
The Green Pheasant,36,86,129
Bar One,39,75,13
Domino's Pizza,36,86,267
Altitude Trampoline Park - Boise,43,116,822
DeSandro on Main,40,75,16
DanceLine,40,75,158
Ardmore Pizza,40,75,113
River 127,29,90,21
Craft Hall,39,75,3
Cheeseburger In Paradise,40,75,94
T-Mobile,39,75,120
Edwardsville Children's Museum,38,89,173
Sierra Pro Events,39,119,1347
Diamond Hair Company,39,86,223
Tony's Restaurant & 3rd Street Cafe,38,90,138
Stomel Elliot Attorney-At-Law,39,75,17
Bala Better Health,40,75,87
Pier 1,39,75,77
China Dragon Restaurant,32,110,752
Caviar & Bananas,36,86,155
All In Shipping,38,90,167
Core de Roma,40,75,51
Gold's Gym,27,82,8
Jennie Deckert,39,86,266
Breadland Organic Whole Grain Bakery,53,113,665
Paws The Cat Cafe,53,113,661
Charlie's Market,28,82,20
Fairfield Inn & Suites,39,75,127
LensCrafters,40,75,64
Roman Forum,28,82,18
Lafitte's Landing Seafood House,29,90,0
Educational Outfitters,27,82,11
Doc Magrogan's Oyster House - West Chester,39,75,141
New Orleans Spirit Tours,29,90,7
Roy's Appliance Service,43,116,777
Big Boyz Toyz Motorcycle Rentals,32,110,746
Sweet Things Chocolates,39,86,262
Publix Super Market,28,82,12
Mr. Margarita,39,119,1393
Pottery Barn Kids,36,86,174
Chase JP Morgan Bank Credit Card Services,39,75,60
Sharky's Sports Bar & Grill,39,74,45
39 North Taproom & Grill,39,75,30
Pathmark,39,75,10
River City Games,53,113,672
Gavi Italian Restaurant,32,110,761
Top Shelf Sports Lounge,28,82,23
Fishers Freedom Festival,39,86,249
Bier Brewery and Tap Room,39,86,244
Wawa,39,75,36
Super Sushi Kyo Hin,40,74,29
AM&PM Locksmith,40,75,40
Helena Avenue Bakery,34,119,4
K-9 Groom Room,38,89,169
Copper Vine,29,90,28
Fresh Fruits & Salads,39,75,6
Mike's Ice Cream,36,86,148
Iron Horse Auto Body,34,119,10
James Dant,39,86,250
Absolutely Perfect Inc,40,74,21
TKO DJs,38,90,162
Riverview Room,29,90,8
Silver and Blue Outfitters,39,119,1356
Premier Mortgage Resources,43,116,799
Ricardo's Italian Cafe,38,90,161
Cornerstone Physical Therapy Associates,40,74,19
Saks Fifth Avenue,39,86,229
Crafty Crab,38,89,176
Mahony's Po-Boys & Seafood,29,90,15
Taqueria Los Primos,39,75,27
AIM Mail Center,32,110,849
The Pearl,27,82,4
Mighty Dustless,40,75,46
Swat Pest Control,40,75,78
Its Sold Here,40,75,92
Sunset 44 Bistro,38,90,196
America's Best Contacts & Eyeglasses,39,74,50
Budweiser Brewery Experience,38,90,163
Jamba Juice,43,116,801
Walmart Supercenter,28,82,6
Walmart Vision & Glasses,39,75,7
Giant Food Store,40,75,73
Monogram Express,30,90,2
Nashville Delivers,36,86,165
Subway,36,86,216
Cook's Glass & Mirror,39,86,235
Leslie's,32,110,793
Papa Murphy's,32,111,735
Sears Auto Center,30,90,3
Nipper's Pub,39,75,20
Golden Chopstick Chinese Restaurant,39,75,26
Altamura,29,90,11
Home Plate Sports Pub,32,110,778
Walmart Supercenter,39,86,272
Meineke Car Care Center,28,82,28
Pain Institute of Southern Arizona,32,110,705
Advance Financial,36,86,157
Santa Barbara Shellfish Company,34,119,0
"David Gower, Jr.  - Coldwell Banker Preferred",39,75,15
David Thomas Trailways,40,74,34
Payless Liquors,39,86,230
ALM Kainan,39,119,1344
Professional Healthcare of Pinellas,27,82,20
Yogurt Beach,39,119,1362
J Sushi,39,75,18
D's Toys,39,86,220
Chipotle Mexican Grill,27,82,7
Boise Therapeutic Massage Center,43,116,826
Giant Food Store,39,75,45
TD Bank Havertown,39,75,99
Wendy's,36,86,153
Stitchers' Dream,40,75,82
Lott's Service,39,74,9
Something Special,36,86,162
Bar-B-Cutie,36,86,146
Total Access Urgent Care,38,90,132
Sal DeForte's Ristorante,40,74,45
Reno Bighorns,39,119,1377
CVS Pharmacy,39,86,222
805 Ink,34,119,30
HMV Superstore,53,113,682
Inspired By Purpose Wellness Center & Yoga Studio,39,119,1352
A-1 Expert Cleaning Services,40,74,14
Willard Park,39,86,226
Elegance African Hair Braiding,39,75,31
Timber Creek Park,39,75,16
Rita's Italian Ice,39,75,56
Passport Health,38,90,158
Trust Me BBQ,27,82,13
Kinjo's Japanese Restaurant,27,82,10
Tim Hortons,53,113,674
PDQ Temple Terrace,28,82,31
Domino's Pizza,29,90,4
Giant Food Stores,39,75,12
Roma Pizza & Italian Eatery,40,75,81
Target,40,75,104
Cunningham Pest Control,39,75,90
West Coast Roofing,32,110,739
The Handlebar Boise,43,116,819
Aussie Grill,28,82,19
Wendy's,40,75,32
China Pearl,40,74,54
1-Hour Auto Glass,32,111,736
Bagelicious - King Of Prussia,40,75,36
Ottewell Animal Clinic,53,113,663
Blue Water Dental Care,39,119,1389
Bub's Cafe,39,86,253
A & A Complete Services,38,90,151
Carpet One Floor & Home,32,110,789
The Mad Griddle ,39,86,232
Beaver Hill Condominium,40,75,91
Quality Inn Nashville Downtown - Stadium,36,86,135
MDG Salon Studio,39,86,218
530 Pub & Grill,27,82,17
Wendy Warner- Medicine In Balance,40,74,56
Zakian Rug Cleaning,39,75,38
Eddie's Southtown Donuts,38,90,144
Rite Aid,39,74,36
Tomo Japanese Steakhouse and Sushi Bar,39,86,224
Zesty Tsunami,28,82,11
O'Briens Irish Pub,28,82,22
Midwest RV Center,38,90,130
"Daniel Colombo , MD",39,119,1370
Weddings in Santa Barbara,34,119,50
Mister B's Cigar Box,39,86,260
Oscar's Cafe,38,90,202
Jim's Auto Detailing,40,75,128
Jaguar Nashville,36,86,224
The Waxing Queen Of Tucson,32,110,758
Rosati's Pizza,32,111,710
The UPS Store,39,119,1367
99 Cents Only Stores,32,110,818
Lee Roy Selmon's,28,82,24
Chrysalis,35,86,236
Ballistic Fabrication,32,111,692
Nails & Beauty Lounge,27,82,32
Creature Comforts Pet Sitting,40,75,96
Scout's Treat Truck,39,86,245
CVS Pharmacy,40,75,112
Express Cafe,43,116,792
Rancho 777,39,119,1372
Western Endocrine Associates,32,110,762
Golf Galaxy,40,75,65
Master Bait and Fishing Supplies,28,82,7
Boston Pizza,53,113,685
The Cleaning Authority - Tucson,32,110,741
Restoration Hardware,36,86,183
Easy Rider Repair,39,75,67
Brown Sugar Bakery & Cafe,39,75,34
Villas at San Dorado,32,110,785
Rippy's Central Pike Collision Repair,36,86,142
Inkorporated,39,86,267
Center City Emergency Dentist,39,75,51
Olivier's Creole Restaurant,29,90,13
Parlor Suburban Square,40,75,108
Kim Kelly & Co Clinical Skin Care,40,75,103
Bulls Barbershop,28,82,27
Taqueria El Sitio,36,86,139
La Sponda,40,75,71
BurgerWorks,53,113,708
S&K Salon,32,111,651
The Cider Factory,39,119,1930
Aloft Philadelphia Airport,39,75,1
Renee Hair Salon,39,75,94
Bob Kramer鈥檚 Marionnettes,38,90,147
Federal Donuts,39,75,25
Belle Chic Salon,32,110,843
Alex Smith Hardwood Flooring,39,75,174
Pho Friendly,40,74,25
Goin' Postal Westhaven,35,86,196
Guess - Walnut Street,39,75,44
Fusion Pizza & Grill,40,75,47
Misto Diner,40,74,48
Endless Summer Tans,32,110,749
Franklin Juice Co,35,86,206
Ann Becnel Companion Dogs,30,90,1
Sher-e-Punjab,32,110,732
Foot Massage Reflexology,32,110,765
Nesbit's Magazine Street Market,29,90,19
The Steak Out,32,111,822
Bronze Lady Home Furnishings,27,82,6
Mr Wizard Worcester Car Wash,40,75,143
PAWS  Plaquemines Animal Welfare Society,29,89,4
Domino's Pizza,39,86,219
Saltwater Grill,29,90,5
Pls Check Cashers,32,110,711
Sparkle Cupcake Company,35,86,185
Fine Wine & Good Spirits,39,75,29
Brandon Burgers,27,82,14
G Peppers Grill & Tavern,28,82,16
Chicago Music Store,32,110,731
Iguana's Mexican Restaurant,39,86,274
Blaze Pizza,29,90,44
The Delaware Contemporary,39,75,4
Baxter's Saloon & Grill,40,75,101
The Hideout Coffee House,27,82,19
Brewster's Pub,39,74,16
Enterprise Rent-A-Car,43,116,818
Burger Village,53,113,681
Pita Pit,32,110,743
Snacks By The Pound,40,75,83
Arizona Tile,32,110,719
Indianapolis Army Navy,39,86,255
New India's Kitchen,38,90,145
Reinette Caf茅 & Patisserie,53,113,680
Papa John's Pizza,38,90,156
Key One,32,110,797
CedarBrook Deli,39,74,39
Contempo Hair Salon,28,82,5
JoJo's Hot Dogs and BBQ,36,86,132
A Personal Touch Cleaning Service,40,75,140
emPIEnada,39,119,1503
Ryan Christopher,40,75,98
Domino's Pizza,28,82,10
Cyclone Car Care,38,90,170
Liberty City Roasters,40,74,9
Dermatology Associates of Indiana,39,86,256
Womens Health Partners,38,90,190
California Tacos and Taproom,34,119,16
Sidekicks Pizza,39,86,227
Elysian Fields Animal Clinic,30,90,4
Sonny's Phat Smoke,39,119,1401
El Sabor Boricua,28,82,21
Jong Ka Jib,40,75,75
Bus Depot Discount VW Parts,40,75,63
Petco,27,82,15
Tokyo Mandarin,39,75,49
Dental Care at Quail Hollow,28,82,32
Apple Barn Cider Bar and General Store,36,86,126
Lens Crafters,27,82,26
Look Hair Care Studio,39,75,69
Apron,39,75,24
L'Occitane en Provence,27,82,5
Bulk Barn,53,113,671
Arcadia Landscape,32,110,742
Century Auto Body,40,75,86
Rogers & Hollands庐 Jewelers,38,90,176
MOSI Food Truck Rally,28,82,33
Marty's Pizza,34,119,59
Parasailing The Pass,27,82,0
Gary's World of Wellness,40,75,126
Marcie Blaine,39,75,70
Taco Truck Stl,38,90,168
JCPenney,30,90,0
Thai Tanic,40,75,144
Metro Diner,40,74,42
Draino,39,75,5
Fleet Feet Sports,38,90,131
The Hip Hop Sandwich Shop,28,82,14
Fetch Academy & Dog Resort,39,86,271
Saint Marys Medical Group,39,119,1481
La Bella China Restaurant,32,110,753
Digestive Diseases Associates of Tampa Bay,27,82,21
Sam's Plaza Shoe Repair,40,74,37
Hertz Car Sales Indianapolis,39,86,233
Element Granite & Quartz,40,75,30
Boise 4x4,43,116,829
Cal Taco,34,119,18
Johnny Rockets,38,90,139
Garage Pizza,29,90,2
El Con Health & Wellness Center,32,110,760
BODHI : Craft Bar + Thai Bistro,39,86,221
Chris' Pizza Village Pleasant View,36,87,218
Sport Clips Haircuts of Springfield,39,75,93
Yi Fa Hair Salon,39,75,42
Bucks-Mont Environmental,40,75,146
August Pearl Salon,36,86,178
Nevada Towing,39,119,1522
"C R Bhatia, DVM - Animal Clinic of Warrington",40,75,122
Thoroughbred Nissan,32,110,782
Cherry Blow Dry Bar,29,90,1
T-Mobile,40,75,52
NY Bagel Cafe & Deli,40,75,93
Little Golden Goose,39,119,1369
V Sandwiches,53,113,684
Candlewood Suites Tucson,32,111,685
Recreational Integrative Wellness Center,40,75,55
Freddy's Frozen Custard & Steakburgers,39,75,52
Medford Village Car Care,39,74,20
Lubrication Corner,35,86,200
Hands On Bicycle,27,82,23
A.K. Lube & Auto,36,87,162
Firestone Complete Auto Care,40,74,51
Colonial Frontiers,32,110,736
Family Carpets,39,75,9
Chick-fil-A,40,75,45
The Main Lion Cat Grooming Salon,40,75,169
Incrediplex,39,85,255
Collective Concept,43,116,828
Yerli's Alterations & Tailoring,39,119,1359
Wink Lash Studio + Bath Bar,39,119,1376
Sherbrooke Liquor Store,53,113,670
Prop and Decor Outlet: The Tent Merchant Inc.,34,119,26
Riverwood Apartments,39,119,1366
Valley Cleaners,39,119,1549
Sign of the Arrow,38,90,157
Olde Black Horse,40,75,37
The Boiling House,39,74,29
Just Churros,32,110,704
Momo's Ouzaria Taverna,38,90,177
Pho Bistro,34,119,19
Reno Downtown Joint,27,82,22
Tattoos by Taz,30,90,5
Studio 240,39,75,22
Pima County Fair,32,110,938
Addendum,39,86,254
Brilliant Nail Spa,35,86,229
City Barbeque,39,86,247
Barista Cafe,40,75,8
Quality Inn & Suites,36,86,184
Modern Printers,43,116,796
Cole Brothers,36,86,160
Mattress Firm West End Avenue,36,86,168
Poppy's Ice Cream,29,89,5
Arhaus,39,86,228
Norma's Sweets Bakery,30,90,1
High Ridge Family Diner,38,90,206
La Cucina Italian Eatery,40,75,58
African Palace Bar And Grill,38,90,171
Bagelicious and More,27,82,30
Tienda Ho,34,119,28
Rusty's Pizza Parlor,34,119,14
University Crossings,39,75,19
Rack n Roll Billiards,39,119,1538
Fox & Hounds Tavern,38,90,181
Preferred Party Place,39,75,37
Manor Riverwalk Luxury Apartments by TRG Management Company,27,82,1
State Street Kitchen,40,74,55
Xtreme Automotive,38,90,155
Majestic Towing,40,75,89
Surreal Virtual Reality Studio,34,119,7
Salon 139,39,86,212
Wawa,39,75,87
Wash N' Roll Car Wash - Madison,36,86,150
A Family Dental Care Center,40,75,74
Xtreme Adventures,28,82,25
Nudy's Cafe - Chadds Ford,39,75,133
Snellgroves Restaurant,28,82,45
Brixx Craft House,43,116,798
RECON Auto Detailing,32,110,920
Adventure Coast Fun Park,28,82,15
Kaiserman JCC,39,75,63
Sushi Wasabi,53,113,667
Locust Lane Craft Brewery,40,75,161
Queen Nails & Spa,43,116,825
The Moose Music Row,36,86,170
Harpeth Cleaners,36,86,179
Arizona Stagecoach,32,110,811
FedEx Office Print & Ship Center,27,82,29
McDonald's,40,74,33
Ron & Jo's Firearms & Sporting Supplies,38,89,174
Hippie Hi,27,82,24
Muse Entertainment,32,111,700
Mattress Factory,40,75,149
barre3 Nashville - The Gulch,36,86,141
Trattoria Totaro,40,75,29
Mount Mogrit Gourmet,39,119,1374
Tucson Iron & Metal,32,110,745
Tolsdorf Oil Lube Express,39,75,129
Katie's Pizza & Pasta Osteria,38,90,194
Krch Realty,39,119,1354
The Cobblestone Eatery and Drinkery,38,89,152
Jack's Barber Shop,38,90,175
Blackrock Brewers,32,110,803
U-Pack Moving,32,110,791
Skippack Sweet Spot,40,75,60
Blarney Stone General Contracting,32,110,766
Babies R US the Baby Superstore,32,110,703
Dune Coffee Roasters - Anacapa,34,119,8
Bang-N Heads Salon,39,119,1380
Kelly's Taproom,40,75,119
Corissa Miller,32,111,760
YOUnion @ Reno,39,119,1412
Exterior Building Solutions,38,90,166
Cantina Los Tres Hombres,39,119,1350
Tire Kingdom,27,82,48
Dead Ringer Analog Bar,39,119,1371
Jiffy Lube,43,116,784
Licata's Italian Deli,40,75,59
Golden Capital Restaurant,53,113,727
Yogurt Court,43,116,800
Gateway Parks Eagle,43,116,772
Siam Elephant,34,119,6
Project Management Academy,39,86,263
Jersey Mike's Subs,39,74,37
DSW Designer Shoe Warehouse,39,74,38
De Ville Coffee House & Creperie,29,90,9
Groove Room Studios,36,86,131
Gallagher's Pub,53,113,666
Massage Heights,53,113,675
Treehouse Yoga for Children,40,75,162
Blue Sage Vegetarian Grille,40,75,85
Hampton Medical Clinic,53,113,693
Nitpicking in NOLA,29,90,34
Visionworks,32,110,701
Dosa Hut Indian Grill,36,86,154
Urban Tan,38,90,141
Golden River Restaurant,40,74,8
Nicola's Pizza,40,74,27
Weinhardt Party Rentals,38,90,154
SmartStyle,31,110,865
Sweetwater Wetlands,32,111,687
B&L Nails Spa,32,110,792
McDonald's,39,86,252
The Original Pancake House,43,116,830
Crush Gourmet Raspados,32,110,759
Octopus Car Wash,32,110,806
Saladworks,40,74,60
Candida's Pizza,40,75,70
Kristi's Pet Grooming,39,119,1518
Global Appliance Parts,40,75,35
Ristenpart Law,39,119,1375
Textbook Brokers UNR,39,119,1388
Reno Tahoe Shuttle,39,119,1454
Creative Beginnings Pre-School & Kindergarten,32,110,727
Courtyard by Marriott Nashville Downtown,36,86,161
ACME Screening Room,40,74,22
The Ladies Room,40,75,102
O'Shucks Seafood & Grill,27,82,3
Beauty Nails,39,74,19
reYOU massage,39,75,47
Paige Simmons Salon,36,86,171
Nailtek,40,75,120
Santa Barbara Athletic Club,34,119,13
Auntie Anne's,28,82,34
Run Montecito-Summerland,34,119,62
Cedar Park Cafe,39,75,33
Joe鈥檚 Pizza and Pasta,38,90,188
HouseMaster Home Inspections,40,75,76
Reno Collective Coworking,39,119,1383
BRAKEmax,32,110,796
Tony Sopranos Pizza,40,74,10
Wawa,40,75,80
Triple R's Smokehouse,38,89,132
Aqua Terra Salon & Spa,28,82,17
Tile Source,38,90,140
US Storage Centers,35,86,220
Intuitive Readings and Meditation with Zev,32,110,730
Edgehill Cafe,36,86,210
Franceschi Park,34,119,234
Distler's Auto Repair,38,89,201
Go Auto Outlet West,53,113,676
Barker Diamond Company,36,86,192
Dr.Green,53,113,678
Pecos Liquor Store,39,75,73
Edible Arrangements,40,75,88
Crowne Plaza Philadelphia - King of Prussia,40,75,48
Foot Locker,39,75,46
Petite 4,43,116,839
LA Fitness,32,111,655
Arch Engraving,38,90,203
Hair By Audrey Johnson,34,119,97
Nancy Le Nails,40,75,95
HomeGoods,40,75,127
Jessie Sessions - Berkshire Hathaway Santa Barbara,34,119,60
"A Jackson Ecker, Inc",40,75,50
Aicha African Hair Braiding,40,75,44
DeGrandis Automotive Center,40,75,107
Keeble's Service,40,75,97
Esthetic Style,27,82,25
Del Taco,39,119,1368
King Ribs Bar-B-Q,39,86,241
ReJuv Medspa,43,116,807
China Wok,40,75,77
Williamson County Animal Center,35,86,192
Taj Mahal Homestyle Indian & Pakistani Cuisine,43,116,833
Another Broken Egg Cafe,39,86,238
Family Beverage,40,75,129
Core Property Services,39,74,15
Los Padres National Forest,34,119,1138
Caring Hands Veterinary Clinic,40,75,38
Burger Up - Franklin,35,86,204
Fleur-de-Lys Mansion,38,90,174
Freedom Smoke USA,32,111,717
Pieology Pizzeria,34,119,17
Purple Penguin Candy Emporium,32,110,767
Rapco Automotive Centers,39,75,68
Painturo's,36,86,191
Boise Towne Square Dental,43,116,820
Noodles & Company,38,90,204
Tabasco Country Store,29,90,10
Dale's Auto Care,43,116,845
Future Fitness,39,74,24
Chester County Dentistry for Children - Exton/Lionville,40,75,163
Spanish Trail Dental Group,32,110,850
Volkswagen Of North Nashville,36,86,140
Five Guys,53,113,720
China Sunrise Restaurant,32,110,845
Axiom Properties & Development,32,110,725
Sharples Works,39,75,143
Subway,40,75,135
Hands On Moving,32,110,724
Rockabilly Grill,32,110,708
Nail Bar Nola,29,90,14
Philadelphia Skating Club and Humane Society,40,75,100
Midas,32,110,764
Nippon Tei,38,90,152
Hyatt Place Philadelphia/King of Prussia,40,75,41
Popeyes Louisiana Kitchen,36,86,134
Willie's Shoe Repair,38,90,150
Sierra Car Wash,39,119,1351
Salon Mosaic,39,119,1358
Italian Style! Italian Restaurant,35,86,237
CJ's Tire & Automotive,40,75,164
T J Maxx,35,86,208
Plume Salon,39,75,8
Classic Cuts,32,111,688
Hotel De L'eau Vive,29,90,22
Taza Mediterranean Grill,27,82,28
Hayes House Hillsboro Village by RAM Partners,36,86,194
Caleco's Bar & Grill,38,90,146
Dream Tea House,53,113,679
Zocalo Village,32,110,717
Integrity Moving Solutions,32,110,740
Abc Resurfacing,32,110,763
Gin-o Boutique,35,86,201
Kinzels Flower Shop,38,90,143
Artistic Expressions Dentistry,40,75,123
The Mona Lisa Lounge,29,90,1
Rapoza Anthony DMD,39,75,32
Brillman's Rental Barn,40,74,47
National Underground,36,86,130
Quality Inn & Suites Near St. Louis And I-255,38,90,125
MetroPawn,39,119,1355
Schnucks - Woods Mill,38,90,192
Smokin' Out,28,82,13
Sawgrass Tiki Bar,28,82,3
Ellis Albert,39,74,30
Basically Buttercream Bakery & Cafe,39,86,269
Slate Bleu Restaurant,40,75,117
Ulta Beauty,39,86,237
Fur and Feather Works,39,119,1365
American Lawn Irrigation,39,74,49
Cabinets To Go,40,75,84
Costello & Mains,39,74,17
Coleman Taylor Transmissions,35,86,214
Southwest Kitchen & Bath,32,110,790
Regal Cinema,28,82,8
Giant Food Stores,40,74,35
Cutting Edge Nutrition,39,86,246
Palo De Azucar Cafe,40,74,17
CA Pro Home Inspection,34,119,66
Mylen Stairs,40,75,61
Domino's Pizza,32,110,734
Ndulge,40,75,21
Molly Mover,43,116,838
Sam Davis Home,35,86,160
Roadrunner Coffee Co.,32,110,700
Fullylove鈥檚 Restaurant,32,110,733
Build-a-Burger,36,86,185
Dunkin',40,75,68
Suzy-Jo Donuts,40,75,24
Paola's Pizzeria,40,75,124
Mundare Sausage House,53,113,656
The Cubby Hole,39,74,27
Grace Meat + Three,38,90,149
Tech Next Door,36,86,181
Value Vet,36,86,159
Turkey Creek Animal Hospital,28,82,41
Comicmania,39,75,28
Jack in the Box,32,110,712
Valley View Apartments - Northland,32,110,729
Causeway Beach Wash,28,82,2
Edley鈥檚,38,89,168
Wash & Dry Laundromat,32,111,733
Brio Italian Grille,38,90,180
Zara Brow Bar,39,74,23
Tucson Camera Repair,32,110,709
VitaNovu,43,116,844
ALDI,39,75,43
Joy Bridal Studio,36,86,231
Francisco's On The River,40,74,16
The Distelfink Bakery,40,75,105
Texas Margaritas,39,86,280
RideNow Powersports Ina,32,111,678
Taco Bell,32,110,809
Ham's Deli,38,90,153
Get Air New Port Richey,28,82,9
Silky Skin Laser & Esthetics Centre North,53,113,664
Jon Smith Subs,43,116,785
Whataburger,32,110,696
Los Rancheros,39,86,259
Drexel Hill Pizza & Grill,39,75,74
Big Horn Grill,39,119,1501
Cafe Jasper,32,110,829
Tread Connection,39,119,1341
Sierra Valley Home Services,39,119,2751
Koi Sushi & Thai,35,86,215
Hair Saloon,38,90,187
Dean's Village Laundromat,32,110,720
Penn Station East Coast Subs,38,90,129
Americas Best Value Inn Nashville Downtown,36,86,145
Amigos Mexican Restaurant,43,116,816
A&W,53,113,687
Krispy Kreme,36,86,156
Manley Mechanical,39,119,1550
CraftyCrab,39,86,265
Sunrise Surf And Skateboard Shop,39,75,21
Sheffield Tavern,40,75,17
Farmer's Market Deli & Grill,36,86,133
Tony's Bar,39,75,35
Racanelli's New York Pizzeria,38,90,164
Tuchman Cleaners,39,86,204
The Tuxon Hotel,32,110,721
Golden China Restaurant,32,110,817
Cafe Arnold Neighborhood Grill,38,90,173
Just Because...Flowers,40,74,39
Eats,36,86,186
Busy Nails,27,82,27
Reno Sportsdome,39,119,1413
Panago Pizza,53,113,689
Aaron's,39,119,1353
Cr猫me de la Cr猫me,53,113,696
Best IT Guru,40,75,49
BFF Cafe,39,119,1420
Mister Car Wash,36,86,195
The Jewelry Exchange - Overland,38,90,185
Cheddar's Scratch Kitchen,38,89,177
Famous Sam's Restaurant & Bar,32,110,750
Wasabi2,39,75,132
Aiello's Pizzeria,38,90,128
Luberto's Brickoven Pizza,40,75,154
Broadway Proper,32,110,802
So Fly Studio,36,86,177
The UPS Store,38,90,178
Rent-A-Wheel,32,110,772
China One,39,86,214
ACME Markets,40,75,57
Dimaggio's Restaurant,53,113,706
Good Oak Bar,32,110,726
Subway,34,119,54
Widerange,39,86,242
Advanced ENT & Allergy,39,74,40
Two Small Men With Big Hearts,53,113,673
Wilson's Market,40,75,67
Caladesi Honeymoon Ferry Service,28,82,1
New Golden Buffet,40,75,42
Musselman Honda Circuit,32,110,922
The UPS Store,32,110,787
Bevan's Cold Cuts,39,75,131
Providence Trail,36,86,196
Bogo SB,34,119,31
Bizzy B Handyman & Painting Services,40,75,26
Apex Tax Advisors,39,74,21
Zorba,28,82,35
Captain D's,36,86,164
Carney Plumbing Heating & Cooling,40,75,106
Epicurean Restaurant & Bar,40,75,54
Ralston Massage Center,39,119,1361
5th St. Bakehouse,39,119,1384
Supercuts,38,90,197
Alliance mental health specialists - Reno,39,119,1391
Natural Nails Salon,39,75,88
Flowers By Design,36,86,166
"James R Rappaport,  MD",39,119,1385
Powerhouse Gym Hamilton,40,74,18
Falls Deli,40,75,56
Pet Care Clinic,43,116,791
5 Points Cases and Kegs,40,75,142
Piercing Pagoda,40,75,62
ACME Markets,39,75,125
La Belle Nail Spa,35,86,186
Purple Lotus Massage Therapy,53,113,658
Retro Fitness,40,74,36
Truly Nolen Pest & Termite Control,32,110,754
Northwest Allied Physicians,32,110,810
Fred Meyer,43,116,834
Citipointe Church,36,86,197
Raz'z Restaurant,35,86,178
Toyama Japanese Steak House,36,86,187
Fresh Healthy Cafe,53,113,697
Levittown Lanes,40,74,32
Cherry Hill Pizza,39,74,18
St. Louis Kaplan Feldman Holocaust Museum,38,90,200
O'Reilly Auto Parts,36,86,172
Ob's Pizza Pub & Eatery,39,85,266
Captain D's,36,86,226
Old Country Buffet,40,74,53
Closets by Design - South East Pennsylvania,40,75,134
Ascension Saint Thomas Urgent Care - Nashville - Inglewood,36,86,167
"Tires, Etc",39,75,61
Ellerslie Gift & Garden,53,113,686
China Spring,36,86,182
CAVA,39,75,136
Hollywood Tans,39,75,53
Thai Phooket Smyrna,35,86,167
Strike & Spare Family Fun Center,36,86,212
Costco Car Wash,43,116,840
legacy tattoo,32,110,715
Sushi Rose,39,119,1500
Mi Caribe,38,90,165
Marshalls,38,90,133
The UPS Store,34,119,29
ALDI,39,86,273
PANA Donuts Coffee & Boba Tea,39,86,258
Old House In Hog Hollow,38,90,199
Bhann Thai,38,90,137
Sparks Florist,39,119,1348
Urological Associates of Southern Arizona PC,32,111,711
Machismo Burrito Bar,40,75,118
Lennys Subs,35,86,207
The Balance Within,40,75,90
Principal Rental Homes,32,110,769
Supercuts,39,75,95
Excel Movers,32,110,780
Vecchia Osteria,40,74,52
Abbruzzi & Giunta's Italian Market,39,74,11
Major Tire & Hitch,43,116,809
Happy Pets Inn,27,82,34
Bella Dermatology,39,119,1495
Eden Korean Restaurant,39,74,22
Huge Impact Restaurant,39,86,231
Just To Serve You Too,40,75,34
P.F. Chang's,35,86,202
Ascending Health Juicery,34,119,36
Spirit Salon & Day Spa And Mobile,32,110,735
KS Optical Group,39,75,39
The Transfer Lab,36,86,232
Catelli Ristorante & Caffe,39,74,35
Upholstery Decor,34,119,9
The Wine Tap,38,89,161
Freddy's Frozen Custard & Steakburgers,32,111,677
Shiloh Veterinary Clinic,38,89,166
Xfinity Store by Comcast,39,75,115
J & J Superior Garage Door Service,32,110,890
St Louis Fish and Chicken,38,90,169
Subliminal Grilled Subs & More,38,90,211
Professional Nail Salon,39,75,85
Davis Island Yacht Club,27,82,2
The Mill,34,119,3
Wolfgang Puck Express,39,86,234
European Wax Center,39,86,261
Rolling Tacos,43,116,811
Persian Room Fine Dining,32,111,737
El Carrito,39,119,1360
Rincon Brewery,34,119,5
Chopt Creative Salad Co.,36,86,227
George Thomas Florist,39,86,251
A&W,53,113,704
JJ's Barbeque,27,82,2
Birchwood Farm,40,74,77
Turning Point of North Wales,40,75,116
RJ's Bagels,40,74,38
Burger Theory,39,86,239
MOTOVELO,39,119,1464
Ulysses S. Grant National Historic Site,38,90,160
Frontier Pest Control,39,119,1748
Mr Wizard of Aston,39,75,62
Five Hearts Preschool,39,119,1423
Crowne Plaza Hotel Philadelphia Downtown,39,75,48
Carondelet Medical Group - Riverstone,32,110,706
Saguaro National Park,32,110,940
Subway,39,119,1379
Wasting Arrows,39,119,1345
Best Plumbing & Heating,39,119,1349
A A Berlin Glass & Mirror Co,39,74,48
Picasso & Wine,39,119,1394
Subway,32,111,731
High Point Cleaners,40,75,155
Vista Auto Group,40,75,31
Hidden History Tours,29,90,35
Oceanos Restaurant,39,74,60
Malvern Grooms,40,75,166
The Groomin Room,40,75,27
Manzanita Gate Apartments,39,119,1582
Faculty Club,53,113,668
Raudel's Tile & Granite,39,119,1343
Dunkin',28,82,30
Ashley HomeStore,27,82,31
The Animas Center,32,110,775
Big Dave's Towing & Roadside Service,32,110,779
University of Arizona Campus Recreation Center,32,110,737
Mini U Storage,39,75,108
InJoy Thrift Stores,32,110,786
Rusted Chandelier,38,90,201
Steam Smart Pro,32,111,670
B & A Archery,40,75,9
Wild West Courier,32,111,709
Ardmore Park Beverage,39,75,86
Pick-n-Pull,39,119,1338
Brentwood Day Spa,36,86,222
My Vintage Addiction,38,89,165
Nectar Urban Cantina,36,86,158
Rice Bowl Deluxe,53,113,669
Alfredo's Pizza,39,75,117
The TOCO Shop,38,89,156
Versi Vino,39,74,14
Double Eagle Golf at Snipes Farm,40,74,20
Ashley HomeStore,38,89,171
Pizzarella Grille,40,75,125
Famous Donair,53,113,716
Bamboo Oriental Cuisine,36,86,190
University Pet Clinic,32,110,748
Radiology Limited,32,111,701
Red Roof Inn & Suites Mt Holly - McGuire AFB,40,74,23
Cake & Flower Shoppe,39,119,1382
Bamboo House of Noodle Soups,39,75,126
Ooka Restaurant,40,75,79
Saint Alphonsus Meridian Health Plaza,43,116,782
Concord Steaks,39,75,123
Tangerine Aveda Salon Spa,39,119,1406
Moe's Southwest Grill,36,86,218
Medium Rare Carnivore Club,53,113,699
La Tavola Ristorante Italiano,35,86,171
The Night Owl,36,86,163
Papa Murphy's,43,116,832
Courtyard by Marriott Reno,39,119,1363
Taco Bell,38,90,124
Staybridge Suites - Franklin,35,86,219
Harrison Dental,43,116,831
Gregory G's Restoration,40,74,72
Kenny Bob's Bar-B-Que,36,86,252
Pizza Hut,30,89,7
Clear View Vision Care,32,110,751
Pima County Adult Detention Complex,32,110,723
Michigan Road Branch Library,39,86,243
Ability Center,32,111,694
Canal Square,39,86,216
"Lang Kenneth, DDS MSD",39,119,1569
Cabana Boy Pool Works,32,111,751
Wyndham New Orleans - French Quarter,29,90,30
Crab & Claw,40,75,99
Bluebird Roofing,36,86,169
Sycamore Salon- The Organic Option,40,74,100
Romano's Macaroni Grill,43,116,821
Alexander's Restaurant & Lounge,38,90,198
Casa Honduras,30,89,2
Hot Stuff Spicy Chicken and Fish,36,86,173
Skin & Beyond Day Spa,35,86,234
Spotlight Home Inspection,40,75,159
Quiznos,39,119,1386
Sun Tan City,35,86,211
JB Custom Tailoring,36,86,176
Academy Sports + Outdoors,36,86,200
A Stone's Throw,39,86,270
Gentle Dental Reno Northwest,39,119,1505
Dunkin',39,75,100
Pizza Hut,43,116,781
Bella Linea,36,86,175
Suelke's Road Stand,40,75,167
Starbucks,40,75,109
Sidelines Grill,36,87,120
Valentine's Restaurant,38,89,157
China Garden Restaurant,40,75,132
Hampton Inn Philadelphia/Great Valley/Malvern,40,75,133
Baird's Dry Cleaners,43,116,836
Rosa Pizza,40,74,30
Macy's,35,86,221
The Security Guy,40,74,57
AZAR Automotive,38,90,179
Westside Chiropractic,39,119,1373
Rejuvepod,39,75,76
Raley's,39,119,1342
Panda Express,32,110,755
CVS Pharmacy,39,75,55
CVS Pharmacy,39,75,82
Burger King,39,74,33
Jellybean Jungle,39,74,31
Mike's Breakfast,40,75,53
Penske Truck Rental,39,119,1346
4 Hands Brewing,38,90,136
Tahoe Meadows,39,119,2601
Ruggieri's Pizza and More,39,119,1396
Roundabout Market And Bistro,39,119,1563
Planned Parenthood - South Grand Health Center,38,90,172
Pediatric Dental Care,35,86,227
Fort Edmonton Park,53,113,628
Taylor Tack & Feed,32,110,847
Dunkin',40,74,7
Squeegee Express Window Cleaning,32,110,756
Marathon Music Works,36,86,138
Smyrna Cafe,35,86,172
Ashley HomeStore,39,75,119
Tokyo Imports,32,110,714
Petals Flowers & Fine Gifts,39,75,89
Preston Art Glass Studio,38,90,142
Applegate Wood Floors,40,74,61
"Hampton Inn Indianapolis NW/Zionsville, IN",39,86,283
Supremos,40,74,12
Manny's Sicilia Pizza,40,75,10
Mexico Tipico,38,89,136
Better Bodies,32,110,768
"La Posada Lodge & Casitas, Ascend Hotel Collection",32,110,738
Sos Exterminating,32,110,800
Aeris Family Dental,32,110,909
Yarrow Acres,35,86,199
Auto World,36,86,152
Panera Bread,43,116,797
Sansum Clinic Obstetrics & Gynecology,34,119,43
Boston Pizza,53,113,717
Domino's Pizza,38,90,182
Martin Glass Company,38,89,144
Dunkin',36,86,201
Super Fresh,39,75,98
Perkasie PC Repair & Recycling,40,75,148
Anytime Fitness,32,110,777
Frost Gelato,32,110,771
Pomme Cafe & Wine Bar,38,90,193
Pizza Hut,39,85,263
The Green Solution,38,90,122
SRT Attorneys,38,90,195
Pinnacle Heights by Scotia Group,32,110,852
Daily Local News,39,75,121
Amy & Barber Beauty Salon,32,110,822
Dustie Wagens,34,119,15
Bridge Street Soap by Alyese Marie,40,74,44
Sobeys,53,113,650
Johnson Lock & Key,35,86,203
U.S. Bank Branch,38,89,179
Steak N' Shake,39,86,203
Parts Guru,40,75,111
Sushi Minato,39,119,1357
Smoothie King,39,75,135
Gyro Shack,43,116,803
Applebee's Grill + Bar,39,74,56
Cool Springs Internal Medicine & Pediatrics,35,86,231
Marco Polo's Pizza,36,86,123
Brummis - the German Taste,34,119,73
A Step Above Cleaning Services,39,75,134
Balloon Lady,32,110,812
Eleven Caf膿,32,110,744
Hy-Ho Cafe,38,89,145
Best Western Brentwood,36,86,220
La Spezia Italian Cafe,36,86,204
Blair's Florist,39,75,40
Allstar Boat Care,39,119,1392
Yori's Church Street Bakery,39,75,146
Oriental Nails,39,75,130
Island Treat,40,74,5
Bank of America Financial Center,39,119,1472
A Tree Company,43,116,853
Battle Born Food Truck,39,119,1387
Valley Glass - Boise,43,116,817
Boise Hillside Suites,43,116,848
Walgreens,32,111,781
Forever Awnings,39,119,1416
Whole Body Yoga Studio,40,75,115
Philly Dat Up,30,90,6
The Paw Palace,32,111,679
Boise Auto Repair Mobile Tech Auto Repair,43,116,846
Rusty Nail Tavern,32,110,698
Paws Discovery Farm,39,74,12
Appliance Rescue PA,40,74,40
Electronic Express,35,86,216
Leslie's,39,74,25
Michaels,53,113,653
Murphy's Pet Parlor,28,82,37
Beyond Brick,32,111,684
University Villas at Ironwood by Shelton Residential,32,111,712
Angela鈥檚 Cleaning Services,35,86,228
ALDI,27,82,46
Wolf Run Park,39,85,250
Hilton El Conquistador,32,110,795
The Wash Factory,39,75,111
Heaven Nails & Spa,28,82,29
Surf Thru Express Car Wash,32,110,915
Fries Rebellion,40,75,172
Factory Donuts,40,74,65
Imagine Weddings & Special Events,34,119,48
Harkins Theatres  Tucson Spectrum 18,32,110,747
Gentle Touch Car Wash,39,75,122
Castor Dental Care,40,75,39
Porterhouse,43,116,780
Stabiles Mobile,34,119,12
Sound Stone Massage Spa,38,90,189
Sushi Nara,32,110,824
Superstitions Java,39,119,1568
Tucson Expo Center,32,110,794
Target,39,75,128
B & C Roadside Service,40,74,13
Restoration Rods,43,116,794
Wendy's,32,111,729
Pump It Up - Tucson,32,111,691
Purple Heart Park: Ivan's Spot,32,110,902
Long Hollow Pizza and Pub,36,86,143
El Pollo Loco,39,119,1479
Cold Stone Creamery,40,74,59
AJ's Fine Foods,32,110,828
Perennial Artisan Ales,38,90,134
Mrs Marty's Deli,39,75,103
Idaho Youth Ranch Outlet Store,43,116,827
Sally Starr's Pizza,39,74,42
T-Mobile,39,75,58
The Bodacious Bean,43,116,810
Tomasito's,29,90,12
The Learning Experience - West Chester,39,75,138
Borders Books Music & Cafe,39,75,72
Go Green Lawn and Pest Control,39,75,155
Pizza 73,53,113,651
Bill Mullen Electric,40,75,168
My First Image,32,110,757
LBS Drywall Finishing,39,75,104
Los Potrillos,40,75,25
Casas Adobes Oral & Maxillofacial Surgery,32,111,715
"Shawa Joseph, DMD - Dental Care Center",39,119,1578
Honey Baked Ham Company,32,110,774
IdentoGO,40,74,41
Elings Park,34,119,76
Purls Tucson,32,110,788
Metro Moving,53,113,715
Boulder Falls Miniature Golf,39,75,166
California Roots Salon and Spa,35,86,225
Kenyon & Associates,39,119,1378
The Lost Cajun - Mt Juliet,36,86,193
Gaslight Theatre,32,110,799
"The Foot Whisperer, Inc",43,116,783
Quinn's Restaurant & Lounge,43,116,843
Vera Kong Piano Studio,34,119,27
Brand New Tattoo & Gallery,40,74,43
Premier Electricians,39,75,66
Lou Fusz Kia,38,90,217
Elite Beverages,39,85,258
Verus Healthcare,35,86,223
Wawa,39,75,64
Romaine's,34,119,22
Pet Memorial Services,39,75,137
CVS Pharmacy,40,75,15
Edmonton South Animal Hospital & Spay and Neuter Centre,53,113,677
Stella Maris Restaurant & Hookah Lounge,29,89,3
O'Reilly Auto Parts,39,119,1381
Hair by Design,36,86,144
Brother Paul's,40,75,137
Bartlette Electric,34,119,124
Station 52 Sports Bar & Pizzeria,39,75,106
Dairy Queen Grill & Chill,36,86,229
The Pest Professionals,39,75,54
Snap Fitness-Clayton,38,90,183
Summit Funding,39,119,1403
Jerry Bob's,32,111,654
Croach Pest Control,43,116,770
Growler's Taphouse,32,111,647
Cheesy Rider,32,111,734
"Dizzy Dugout Cards, Comics & Games",38,89,175
The Great American Bagel,27,82,36
MatchDog Rescue,39,74,26
Music City Tents,36,86,136
Presto Pasta,34,119,11
Aroma Grill and Bar,40,74,31
National Car Rental,43,116,871
Kinsmen Sports Centre,53,113,624
Happy Ending Food Truck,27,82,40
Foggy Bottom Canoe Rocks,36,87,167
Pizza Hut,35,86,166
Monty's,34,119,20
Santa Barbara Frame Shop & Gallery,34,119,38
Midas,36,86,147
Clara B's Kitchen Table,38,89,154
Redbud Native Plant Nursery,39,75,101
Sherwood Park Chevrolet,53,113,691
Alpen Glow Marble & Stone Care,39,119,1865
Golden Corral Buffet & Grill,38,89,163
Tennessee Radon Services,36,86,137
Santa Barbara Jet Boats,34,119,1
Land of Smile,38,90,214
Meineke Car Care Center,40,75,174
Cool Springs Laser Dentistry,35,86,217
"Terance Cochran, OD-Cochrane Family Eyecare",39,119,1426
Commonwealth Kitchen,40,75,28
Teresa's Nails,39,75,41
Santa Barbara Cryotherapy,34,119,37
M & K Renovations,40,75,175
The Spa at Montchanin Village,39,75,96
Climate Pro,35,86,245
Bank of America Financial Center,32,111,653
Dunkin',39,75,91
Service King Collision Nolensville Pike,36,86,207
Danny Boy Beer Works,39,86,275
In Riva,40,75,2
Rice King,39,86,268
Oxford Valley Shell,40,74,62
Parkway Pizza,40,74,11
Aldi,38,89,160
Roy Rogers,40,75,171
Best Auto Tags and Insurance,40,75,160
Asian Star,40,75,23
Madewell,30,90,9
Pizzeria Maki,39,75,78
Siam Thai Restaurant,43,116,835
Fresh Start Carpet Cleaning,40,74,15
Bimmerworks,39,75,124
Logan's Roadhouse,36,86,189
Pro-Cuts,32,111,697
JD Nail & Spa,53,113,652
Subway,53,113,659
Rebeccas Floral Boutique,35,86,244
Curtis Lanes,40,74,46
Taco Bell,39,86,217
Helping Hands Thrift Store,28,82,44
CrossFit NorthWest Tucson,32,111,675
Aquious Tankless Solutions,39,119,1498
Sahara Sam's Water Park,39,74,53
Garage Door Repair Of Tucson,32,110,886
"Michael W Thompson, DDS",34,119,56
Shoney's Restaurant,35,86,222
"Michelle M Eagan, MD",30,90,10
Flavor of India,38,90,205
Screamin Demon Tattoo,38,89,180
Taco Bell,38,89,172
Life Vessel Santa Barbara,34,119,75
Caf茅 at The Square,29,90,37
Golden Corral Buffet & Grill,39,85,252
Black Tie Moving,36,86,203
Tangles Doggie Doos Pet Grooming,40,74,24
QDOBA Mexican Eats,39,86,215
The NY Slice,39,86,240
Bagel Bin of Voorhees,39,74,41
Peggs Restaurant On the Boulevard,38,90,277
Flocco's Discount Shoes Clothes & Formal Wear,40,75,43
Epic Nails and Spa,39,86,276
Other Mothers,43,116,814
SpinNations Skating Center,28,82,4
Bing's Boba Tea,32,111,719
Nashville Symphony,36,86,128
Aroy Thai,38,89,167
Ewing Animal Hospital,43,116,815
Gem State Diesel & Turbo Repair,43,116,793
GIANT Food Store,39,75,79
Son Seafood,29,89,2
Taqueria El Sol,27,82,35
Deterding's Family Market,39,74,28
Strong Vision Center,27,82,50
Daniel Tavares Academy,39,75,57
Paris Baguette,40,75,69
JCPenney,40,74,64
Dong's China Buffet,39,86,206
Bartlein & Co,34,119,65
Speedway,32,110,903
Terraza Cafe,34,119,70
The Brentwood Library,35,86,209
Tobey's Junk Hauling,39,119,1557
925 Common Luxury Apartments,29,90,40
Punk'd Pineapple,39,75,116
Taco Bell,31,110,878
Catalina Laundry,32,110,954
ACME Markets,40,74,26
AMC Washington Square 12,39,85,261
David E Callahan Pool Plastering,39,75,145
Massage Envy - Olivette,38,90,215
Financial Credit Network,34,119,45
Great American Playhouse,32,110,866
Borders Books Music & Cafe,36,86,211
Pet Valu,39,75,107
Steak 鈥檔 Shake,35,86,168
Country Rock Cabaret,38,90,127
Bridge Street Alterations,39,86,208
Casas Adobes Optical,32,110,770
Little Caesars Pizza,32,110,728
Casino Del Sol,32,111,770
Daydreams Gentlemen's Club,40,75,7
Insomnia Cookies,39,75,142
Drexel Interiors,39,86,264
Dickey's BBQ Pit South,39,119,1397
Petco,32,110,707
Virtua Family Medicine Center At Lumberton,39,74,7
Welch Music Center,43,116,805
B.U.N.S.,34,119,21
Mi Tenampa,39,85,262
A Garden of Yarn,39,75,112
Meijer,39,86,282
Colors Painting Contractor,31,110,829
Northwest Reno Library,39,119,1544
MICHAEL & ANNA COSTA PHOTOGRAPHY,34,119,34
Tremblay Financial Services,34,119,63
Stay Alfred on North Carondelet Street,29,90,16
NextCare Urgent Care,32,110,842
Roto-Rooter Plumbing & Water Cleanup,40,75,18
Athenian Restaurant,40,75,19
Sugar Roots Farm,29,89,7
QDOBA Mexican Eats,39,75,71
Boise Drywall Pro's,43,116,823
Preserve at Brentwood,36,86,180
Ed's Beer & Beverage Mart,39,75,50
Pedego Electric Bikes Reno,39,119,1407
Aveda Institute Boise,43,116,812
Chase Bank,34,119,77
Sisters' Nails and Spa,39,86,286
Namaste Nail  Sanctuary,40,74,67
Immanuel Presbyterian Church,32,110,837
Tokyo Express,53,113,692
Urban Statement,34,119,46
390th Memorial Museum,32,110,825
Pa Pa Pralines,29,90,2
Simon Eye - Concord Pike,39,75,114
Swigg,39,75,92
CV Nails,39,86,257
Gadaleto's Seafood Markets,39,75,113
Montecito Optometry,34,119,35
HELI CO. New Orleans,30,90,8
Santa Barbara County Sleep Shoppes and Design Center,34,119,67
Island View Nursery,34,119,24
Stan Perkoski's Home Services,39,75,105
Banner Urgent Care,32,110,776
Moondog Yoga Studio,40,75,156
A-1  Heating & Air Conditioning & Electric,43,116,789
For Eyes,40,75,147
Lion Coat Painting,32,111,671
McDonald's,31,110,860
Wicked Smoke Bar B Que,38,90,212
Victoria's Nail Salon,39,74,32
Penn Medicine Becker ENT & Allergy,39,74,46
Melt Down Grilled Cheese,40,75,131
Wild Birds Unlimited,35,86,197
"""No Macarena"" DJ & Custom Music Service",40,75,121
Joey C's Towing and Collision,39,75,2
Makoto Japanese Steakhouse,36,86,247
Alligood Energy,40,74,86
Jimmy John's,27,82,47
eegee's,32,110,784
CVS Pharmacy,35,86,232
Able Garage Door Service,32,111,768
Cava Restaurant & Bar,34,119,33
Vertex Pest Control,43,116,795
Boise Indoor Soccer,43,116,806
Birchtree Catering,40,75,11
Dominick's Pizzeria and Restaurant,40,75,179
Sabroso Cocina Mexicana,38,90,191
IN Self Storage - Tucson,32,111,674
Wood Bakery,38,89,170
El Sur Restaurant,32,110,781
Peg's Glorified Ham & Eggs,39,119,1552
Lonchos Street Tacos & Spirits,32,110,912
Yoga Pod Tucson,32,110,716
Riverflow Yoga,40,74,28
Sbarro Italian Eatery,32,111,649
Lulu's Pizza,43,116,841
Angel Motors,35,86,163
Hyatt Place Nashville/Brentwood,36,86,258
Hampton Inn & Suites Franklin Berry Farms,35,86,210
La-Z-Boy Furniture Galleries,40,75,110
Trav's Barber Shop,40,75,141
Abel's Authentic Mexican Cuisine,39,119,1469
Valley Garden Park,39,75,102
99 Cents Only Stores,31,110,856
Rod The Roofer,39,119,1462
Publix Super Markets,35,86,187
David Anthony's,38,89,141
Jake's Pub,39,86,213
Super China Buffet,39,85,253
The Cakehole,39,85,256
McKay's Mill Dental,35,86,251
La Paloma Country Club,32,110,832
Sierra Safari Zoo,39,119,1572
Anytime Fitness,32,110,838
Desert Valley Dental,39,119,1546
Feisty Studios Salon & Spa,32,111,652
Earls Kitchen + Bar,53,113,722
Luna,38,89,162
Happenchance Social Lounge,35,86,198
The Club,36,86,208
Sandy's West RV Center,32,110,702
Tucson's Loop Bicycle Shop,32,111,681
ampm,39,119,1473
Wendy's,36,86,188
Our Lady of Mount Carmel Church,34,119,80
Moxie's Spirits & Dining,39,119,1491
Captain D's,38,89,158
Eclipse Pizza Co.,39,119,1405
Parker's Heating & Cooling,35,86,164
Dollar Tree,39,119,1570
Jay Bee's Diner,53,113,655
Lake Park,39,119,1425
Coliseum Pizza & Steak,53,113,660
His Concepts Sprinklers,43,116,824
Reflections at the Buttes,32,110,808
Cutting Edge Paint And Finish,39,119,1440
Goshen Beverage Center,39,75,139
McDonald's,32,111,683
US Post Office,40,75,114
Mission Tuxedos,34,119,42
Tucson Dog Trainers,32,110,718
Innate Fitness,34,119,55
Tucson Trap & Skeet Club,32,111,738
Woodward Properties,39,75,59
Vitality Acupuncture,43,116,788
Quik Mart,32,110,983
Mint Julep Experiences - Nashville,36,86,127
Joe's Steaks + Soda Shop,40,75,13
Vans,39,119,1340
Target,32,110,851
Bullard Seafood and Grill,30,89,3
Benjamin Franklin Bridge,39,75,0
Tee It Up Golf,39,75,110
Rally's,38,90,209
Westside Pizza,43,116,837
Monkey Fish Toys,40,75,151
Paint + Canvas,36,86,209
Freedom Mortgage,39,74,13
Pedalers Deli,39,119,1415
Lil Swimmers Aquatics,27,82,1
Fulin's Asian Cuisine,36,86,198
Pima Community College-West Campus,32,111,740
Short Hills Restaurant & Deli,39,74,34
Academy Sports + Outdoors,35,86,212
Gentleman Jacks Barber Lounge,32,110,963
Keeping It Green Lawn Services,39,119,1499
Kodiak Grill,43,116,1166
Heaven's Best Carpet Cleaning Lake Tahoe,39,120,1817
Cherie Cunningham -Berkshire Hathaway HomeServices,36,86,215
Walgreens,31,110,859
Dolphin Diner,40,74,6
Maverick Car Company,43,116,802
Chirco Performance & Restoration,32,110,833
Iggy's Mexican Cantina,38,90,135
Kopper Kitchen,43,116,866
Sonny's BBQ,28,82,40
White House Black Market,39,119,1408
Orange Grove Family Practice,32,111,714
Best Buy,53,113,654
Rod's Auto Repair,43,116,808
Foysters Dockside BYOB,40,74,2
The Smile Shop,39,119,1520
Four Seasons Spa and Pool,43,116,779
Wild Sports Motorsports,39,119,1431
ProCore Property Solutions,43,116,790
Bobeck's Sports Bar & Grill,38,90,213
Aqua-Tots Swim Schools - Eagle,43,116,787
PetSmart,39,74,52
Andale Latino Grill,40,74,63
Beje Wholesale Diamonds,30,90,7
Computer Room,38,89,184
St Roch Kitchen,30,89,5
Cayton's Burger Bistro,32,111,816
The Burger Joint,53,113,683
Audrey Harris Park,39,119,1411
Dolan's Irish Pub,40,74,1
Pei Wei,39,74,10
KFC,36,87,219
CareNow,36,86,221
Cold Spring Tavern,34,119,518
Encantada Riverside Crossing,32,111,690
CVS Pharmacy,40,75,157
Aladdin Graphics On Apparel,32,111,698
Darin Chiropractic,38,90,126
Officemax,32,111,680
Instant Smog,39,119,1471
Blackett's Ridge,32,110,1292
Green Valley Mortuary And Cemetery,31,110,886
All Seasons Lawn & Landscaping,39,119,1417
Sugar Creek Golf Course,38,90,219
Sparkle Window Cleaning Service,32,111,641
Length,39,75,1
Nat'l Authorized Service,40,75,12
Hillmeade Apartment Homes,36,86,240
Brewington's Towing & Recovery,28,82,46
MERS Goodwill,38,89,178
Frank's Spaghetti House,40,75,33
Lone Dawg Cafe,39,74,54
Jimmy John's,39,85,257
Davidson & Son,40,74,4
The Fitness Edge,38,90,207
Morellis Cleaners,39,85,234
Papa Murphy's,32,111,748
Dynasty Nails,39,75,140
Great Clips,32,111,645
Ironwood Dermatology,32,110,836
CVS Pharmacy,32,110,830
Luring Lashes,40,75,138
Arizona's Interior Innovations,32,111,695
Desert Dental Group,32,110,914
Ashton Brook by The Connor Group,35,86,226
ACME Markets,39,75,83
US Post Office,39,119,1452
Alexa Beauty and Barber,31,110,882
Q's Quik Smog,39,119,1419
World Sports Grille,32,111,724
Amerisleep - Tucson,32,110,834
Synergy Real Estate Group,36,86,236
Smokey Pint,40,75,3
Canadian Tire - Sherwood Park,53,113,712
Pineapple Asian Restaurant,39,74,51
House of Stella,35,86,224
Song David I DPM,35,86,239
Subway,36,87,224
Rancho La Patera & Stow House,34,119,25
Santa Barbara Sherriff's Department,34,119,57
Riverview Restaurant & Marina,36,87,125
Anytime Locksmith,39,119,1427
DeeGusto's,39,86,211
Colonial Family Eyecare,40,75,66
Grounds 4 Inspiration,36,86,206
"Allergy, Asthma & Immunology Center",38,89,199
PODS Moving & Storage,43,116,915
Bucks County Family Eye Care,40,74,49
Finger Rock Trail,32,110,933
Century Eye Care,40,74,58
Reno Rescreen,39,119,1868
Fleet Heating & Air Conditioning,39,119,1339
Manhattan Bagel,39,75,118
Saga Toys,38,90,184
Sleep Apnea & TMJ Solutions,36,86,213
BRAKEmax,32,111,702
Reno Tahoe Concrete,39,119,1576
Kirshner Landscapes,40,74,104
"Leslie P Dillard, DDS",36,86,205
AFC Urgent Care - Williamstown,39,74,44
Pinocchio's Restaurant,39,75,84
Tonys Mexican Restaurant,29,89,6
Port of Subs,39,120,1527
Hey Guys Comedy Club,38,89,181
Alterations by Tam,32,110,699
Earls Kitchen + Bar,53,113,657
Turquesa Latin Grill,32,111,865
Brothers Carpet-Busters,32,110,805
Pomps Tire Service,39,86,210
Uncle Mike's Smokehouse Grill,27,82,41
Munoz Cleaning Service,39,119,1459
Walmart Pharmacy,39,119,1490
Players Pub,32,110,952
Live Skin,36,86,217
Farm Fresh Produce,39,75,75
Starbucks,39,75,97
Neuhaus Foot & Ankle,35,86,173
Logan's Roadhouse,35,86,182
The Pasta House Co,38,90,210
Chicago Connection - Overland,43,116,842
Hot Dog Grooming & Spa,27,82,33
Table Rock,43,116,968
Garbonzo's Pizza,43,116,786
Doc's Pool Tile Cleaning,32,110,918
The WorkHorse,40,75,22
Safeway,32,110,887
Royal Cleaning Solutions,39,119,1488
Scream-A-Geddon,28,82,54
Tony鈥檚 Mexican Restaurant,36,86,199
CJ's Grille,36,86,256
McDonald's,32,111,785
Sunrise Cafe,32,110,848
Yogi's Doody Scoopers,39,119,1938
Gary Ray's Texas BBQ,32,110,897
Napoli Pizza & Subs,30,89,4
Affordable Hardwood Floors,34,119,51
Tokyo Sushi,39,75,3
Military Reserve,43,116,900
DeGrazia Gallery in the Sun Museum,32,110,861
First Service Group Real Estate & Property Management,43,116,813
Main and Vine Bistro,40,75,139
Varietees Bird Store,38,90,120
Amish Country Market At The Feed Mill,35,86,189
Mt Rose Ski Tahoe,39,119,2503
Bon Appetit Restaurant,28,82,0
Santa Barbara Women's Imaging Center,34,119,49
Integrity Automotive & Diesel,32,111,676
Color Nails,35,86,235
Los Mezquites,32,111,755
First Class Sales and Service,35,86,165
Taco Torro Food Truck,39,119,1573
MidAmerica St Louis Airport,38,89,138
River Cree Resort and Casino,53,113,701
Heart And Home,39,75,80
Bottoms Up,38,90,123
Parcel Insurance Plan,38,90,221
Victoria's Secret,28,82,36
Old Pueblo Cellars,32,111,727
Tiff's Treats,36,86,219
Bikram Yoga - Mainline,40,75,153
Carlota's Authentic Mexican Cuisine,32,110,946
Alexander's Mobile Waterless Car Wash,34,119,616
Jiffy Lube,43,116,849
"Fred A Nordquist, MD",36,87,216
Bonanza Casino,39,119,1497
Kristi Gayton Photography,39,119,1447
Nails Etc,31,110,832
Styer Orchard Farm Market,40,74,50
Little Brothers Shell,36,86,239
HB Landscaping,39,119,1507
Beauty Is,32,110,870
"Del Pinho, DDS",34,119,39
Party City,39,75,65
O'Reilly Auto Parts,31,110,854
Mimi's Nail Spa,36,86,233
Pin-Up Pastries,32,111,914
Three Oaks and a Pine,30,89,6
So Fresh N So Clean Cuts,32,110,713
Bordertown Casino and RV Resort,39,120,1564
AT&T Store,39,119,1555
Costco Liquor Store,53,113,705
Gamestop,32,111,752
Porsche of Nashville,35,86,242
Chelsea Bistro,36,86,262
Wells Nursery & Greenhouses,39,85,260
Cathedral Peak Hike,34,119,221
ResQcats,34,119,626
Good Buddy Dim Sum Chinese Restaurant,53,113,711
Tucson Mountain Park,32,111,799
Love's Travel Stop,36,86,263
Home Style Donair & Subs,53,113,688
Circle K,32,111,815
Dr. Tavel Family Eye Care,39,85,259
Wendy's,27,82,49
Northwest Auto Glass,32,111,696
Valvoline Instant Oil Change,38,89,182
Bellisimo at Casino del Sol,32,111,769
Rockie Williams Premier Chrysler Dodge Jeep Ram,36,86,202
Travel Leaders Indy,39,85,239
Strano & Associates,38,89,149
Supercuts,43,116,778
Stratton's,36,87,137
Pleasant Thyme Cafe,36,87,200
Jackson Street Bistro,27,82,39
L&L Hawaiian Barbecue,39,119,1487
Arizona Sprinkler Repair,32,111,749
Economy Plumbing Service,32,110,807
Dan's Auto Repair,36,86,270
Ludwig's Grill and Oyster Bar,40,75,196
Encantada Dove Mountain,32,111,796
Pinecrest Country Club,40,75,130
Nova Thrift Shop,40,75,195
Berardi's Auto Detailing,39,75,148
Ashley Farrell Landscape Design,34,119,836
Caughlin Club Kidz,39,119,1451
Pedro's Smog Check,34,119,52
Meterocenter Levee Greenway,36,86,125
Ric's Grill,53,113,721
Sleepy Hollow Haunted Acres,40,74,70
Colossal Cave Mountain Park,32,110,1101
Casa Grande Mexican Restaurant & Cantina,39,119,1580
Gerber Collision & Glass,32,110,821
Inspiration Point,34,119,281
Skyline Kitchen & Vine,39,119,1494
Mike's Automotive,39,119,1509
Browns Socialhouse Salisbury Gate,53,113,735
"Monstrosity Tree Service, LLC",31,111,966
Corner Asian Cafe,35,86,169
Verizon Authorized Retailer - Victra,39,119,1496
Starbucks,35,86,213
Super 8 by Wyndham Waterloo,38,90,208
Precision Wildlife Art,39,119,1583
b ortho,39,119,1400
Pet Agree Fun Lodge & Salon,39,86,277
Catalina Crossing Apartments,32,110,804
Domino's Pizza,36,87,211
Pinewood Social,36,86,118
NORI Japanese Hibachi & Asian Cuisine,35,86,191
Empire Grill,53,113,709
The Spa at El Encanto,34,119,152
Asphalt Services - Paving & Sealcoating,40,74,69
Launderland,34,119,68
Stan Musial Statue,38,90,110
taqueria la coyota #3,30,89,1
Starbucks,31,110,852
Pennridge Animal Hospital,40,75,181
KRH Electrical,32,111,668
Transcend Fitness Club,40,74,115
Rancher's Feed & Supply,39,119,1511
El Rincon Bohemio,34,119,44
Sky Tavern,39,119,2312
Justin's Diamond J RV Park,32,111,745
Pop Tops Soda Pop and Candy Shop,43,116,804
T&T Tree Service,40,74,93
The Factory Hair & Body,53,113,734
Barleypops,36,87,159
Martin Eyecare,35,86,179
Devonwoods,39,119,1410
Yoshi Japanese Restaurant,53,113,724
Vanderbilt Dyer Observatory,36,86,341
Zen Beauty Spa,32,110,710
C and W Pools,36,86,244
Bianchi's Italian,32,111,826
Cool Couriers Santa Barbara Delivery Service,34,119,92
Papa Murphy's,39,119,1485
WOW Cafe,30,89,12
Family Eyecare Associates,39,119,1478
Knots & Weaves Decorative Rugs,40,75,176
Chesterbrook Academy Preschool,39,74,43
Marco's Pizza,32,110,976
Avery's Auto Repair,32,110,891
2 Thumbs Up Plumbers & Remodelers,43,116,862
Knights Inn Indianapolis,39,86,207
Music Mountain Theatre,40,74,85
Hummus Fresh,39,119,1506
Erie Nails,40,75,20
Tres Bonne Cuisine,43,116,847
Fourth Ward School Museum,39,119,1902
Wells Fargo Bank,32,111,718
Holiday Inn Express & Suites Indianapolis NW - Zionsville,39,86,284
Trees R Us,39,86,278
Mt Lemmon Cookie Cabin,32,110,2356
Fresh Auto Detailing,36,86,237
Blue Sage Massage & Day Spa,35,86,177
Blue Sun Realty,28,82,43
Audio Video Technologies,32,110,839
The Red Onion,38,89,159
Hong Kong Chinese Restaurant,38,89,142
Newtown Garage Door Company,40,74,90
TK Bar,43,116,910
Bella Rosa Italian Eatery,39,75,150
Dunkin',40,74,73
Silver Spoon Eatery,39,119,1911
Unique Nails and Spa,40,74,71
Chick-fil-A,38,89,146
AMS Transmissions,32,110,874
Burger Me!,39,119,1404
Honeybee Canyon Loop Trail,32,110,889
Pep Boys,30,89,0
Millennium Trailers,39,85,243
Tri-Care Services,28,82,49
Paradise Store & Grill,34,119,319
Thrifty Car Rental,34,119,2
Reno Tahoe Firewood,39,119,1430
Mr Pack Rat,32,110,881
Little Mexico Steakhouse,32,111,767
Saigon Cuisine,53,113,698
Roof Masters and Exteriors,39,85,251
Harpeth River State Park,36,87,174
Dapper Dog Grooming Co.,35,86,180
Ice Castles,53,113,622
Louise Mckinney Riverfront Park,53,113,614
SB Photobooths,34,119,79
Jedlicka's,34,119,61
Ploy Siam,39,74,8
Dedicated Dental Service,32,111,741
Hardee's,36,86,223
A Great Location,32,110,801
Hertz Rent A Car,30,89,1
Forde Ed Service Center,40,75,165
Goodwill Industries of Middle Tennessee,35,86,230
Beach Baby Nannies,34,119,230
Affordable Tire & Wheels,39,119,1461
Ross Dress for Less,39,119,1484
Valeria's Comida Mexicana,32,110,985
A&W Restaurant,36,86,260
Super 8 Reno/University Area,39,119,1409
Lbakery,39,119,1424
Women's Center the-Northwest Medical Center,32,111,713
Riverside Golf Academy,39,86,209
Lube City,53,113,710
Chicago's Pizza McCordsville,39,85,265
Sonora Behavioral Health Hospital,32,111,704
Lockwood Regional Landfill,39,119,1414
El Rincon Mexicano,28,82,39
Red Rock Road Pizza,39,119,1526
Redblock Realty,40,74,75
Barnes & Noble Booksellers,32,110,783
Innovative Implant and Oral Surgery,40,74,83
Subway,39,119,1574
Jef's Cafe,53,113,736
Anytime Fitness,39,119,1581
HauthTeam Jeff & Nancy ,39,119,1793
Leisure Mattress,43,116,877
eegee's,32,110,827
Carvana Reno,39,119,2272
Boarders Inn & Suites by Cobblestone Hotels - Ashland City,36,87,130
Starbucks,53,113,707
Mill Creek Pool,53,113,646
Amethyst Salon,39,119,1421
The Nail Loft,35,86,181
Re/max Field,53,113,623
Streets of India,53,113,714
"David LaPatka, MD, FACS",34,119,58
DIRECTV,43,116,897
Panther Self Storage,39,119,1540
Plunge Pool Bar & Restaurant,32,111,825
Nick's Pizzaria and Wings,27,82,45
Phase 4 Contracting,40,75,145
Casale,39,75,109
Chili's,32,111,750
Radiant Auto Detailing - Mobile,32,110,854
Glitter & Polish Nail Spa,40,75,170
Old Timers Cabin,53,113,640
Wilmot Shell,32,110,841
The Buckle,39,119,1395
Lux Nail Spa,38,89,164
Williamson County Recreation Center,35,86,183
South Tahoe Airporter,39,119,1483
CORE Kitchen & Wine Bar,32,111,866
Saguaro Buttes,32,110,892
Scolari's Food & Drug Company,39,119,1433
Terwillegar Park,53,113,629
O'Reilly Auto Parts,32,110,910
Olympika Bar & Grill,38,89,155
Camino Verde Pet Resort,32,111,756
Carollo鈥檚 Family Restaurant & Pizza,39,74,47
Orchard Park Animal Hospital,36,86,272
Verizon Authorized Retailer - GoWireless,32,111,754
"Justina Pham, DDS",34,119,72
Action Tree Care,34,119,100
Cottage Grooming,39,119,1566
Starbucks,31,110,888
Fifty Flowers,43,116,867
Copper Canyon Mexico Specialists,32,110,855
Mister Car Wash,32,110,813
Big Al's Seafood Market & Grill,29,90,5
Divine Blinds Shutters & More,39,119,1438
Organnons,40,74,111
Leo's Real Mexican Food,32,111,744
Sierra Christmas Lights,39,119,1534
AZ Best Block,32,111,643
Chuy's Mesquite Broiler,32,110,906
J-Dogs Catering & Amusement,39,74,55
Sherwood Honda,53,113,690
Boise Hot Air Company,43,116,870
Best Western Plus Boomtown Casino Hotel,39,119,1486
Baskin-Robbins,39,119,1468
Posh Lash Lounge,53,113,713
Eco Lawn and Garden,34,119,103
Freestyle Martial Arts,39,119,1402
Big Papa's,32,111,804
Sawmill,53,113,719
Sushi Shack,43,116,1162
John Seigenthaler Pedestrian Bridge,36,86,122
Saigon Nails Spa,31,110,857
Tijuana Tacos,40,75,136
Santa Barbara Classic Weddings,34,119,201
Dunn Healthcare Center,36,86,214
Baldpate Mountain,40,74,154
Peter Nappi,36,86,120
Labcorp,32,110,846
Quality Inn Near Reno-Sparks Convention Center,39,119,1517
Sierra Nevada skateboards,34,119,220
Rosalia鈥檚 Pizza,38,89,153
FedEx Office Print & Ship Center,32,111,829
Aradia Fitness,39,119,1564
Nelson J. Greer Painting Contractors,53,113,702
Anytime Fitness,35,86,188
McDonald's,32,111,766
Bandana's Bar-B Q,38,90,119
Voodoo Blues,43,116,859
The Overlook at Pusch Ridge,35,86,194
Chariot Pizza,40,74,95
Whole Foods Market,38,90,216
Earth Fare,32,110,993
Veranda at the Park,29,90,18
Linda Vista Trail,38,90,253
Church's Chicken,32,110,888
India Gate,39,119,1752
Manee Thai Cuisine IN,31,110,1019
Ravello Pizzeria,32,111,776
Smoothie King,39,119,1679
New Boston Style Pizza,38,90,236
18th Century Garden,39,86,279
Derby Lane - St Petersburg Kennel Club,32,110,917
Super Suds,43,116,920
Crossing Vineyards,27,82,42
Schnucks Maplewood,36,86,225
Allstate Insurance: David Tapia,39,119,1422
Wraps and Kabobs,39,119,1492
The Wedding Shoppe,36,86,265
Dwell Electric,34,119,69
Chuze Fitness,32,110,905
Trolley Tap House,32,111,807
The Note Bar,32,111,682
Esposito's Meats,32,110,835
Bed Bath & Beyond,27,82,38
Gemini Chiropractic and Rehab,32,111,689
Little Caesars Pizza,43,116,868
Starview Diner,38,89,147
Family Video,36,86,268
Edible Arrangements,28,82,50
Voodoo Spiritual Temple,28,82,4
Starbucks,28,82,38
Sunoco,43,116,767
The Sparkman House Luxury Bed And Breakfast,35,86,218
Hooters,34,119,149
SB Tree Care,40,74,80
Winter The Dolphin's Beach Club,35,86,190
Guisados Don Roman,40,74,68
1356 Public House,34,119,53
Yen Ching Restaurant,32,111,730
Axehole - Indoor Axe Throwing,40,75,182
Mummers Museum,53,113,618
Pennsylvania Hospital,32,110,1020
Cookies By George,32,111,747
Planned Parenthood - West County Health Center,43,116,855
Lowe's Home Improvement,38,89,150
ABC Fine Wine & Spirits,32,110,884
Sal's Sno-Ball Stand,40,75,14
Foot Fitness,39,85,235
Asian Bistro,40,75,4
Alberta Hotel Bar & Kitchen,29,90,29
Aladdin Pizzeria & Eatery,39,119,1336
Prohibition  Kitchen And Tap,53,113,700
Omni Organics Nail Salon,43,116,861
Meexita,32,110,856
Nashville Coin & Currency,32,110,816
Copper Creek Cookies/ TOP,36,87,123
Bluefin Eagleview,36,86,264
King Market,36,86,283
On Charcoal,32,111,624
Randall's Rubberized Roofing,31,110,873
Jacob's Herb Shop,32,110,871
Walmart,32,110,814
Elite Garage Door Service,53,113,647
French Canvas,34,119,82
The Mushroom Cap,34,119,883
Salon Glam,39,119,1439
Schnell's Restaurant & Bar,34,119,99
Nest,32,110,798
Benefit Brow Bar,39,119,1539
Jiffy Lube,31,110,874
Pizza Pazza,36,86,251
TruGreen Lawn Care,53,113,627
SumitrA Espresso Lounge +,31,110,845
Eagle Cleaners,36,86,273
FastServ Home Services,36,86,250
Crown Liquors,40,75,183
Matika Home Inspections Inc,39,119,1525
Thistletop Inn,32,110,919
Dunedin House of Beer,32,110,880
Bagger Dave's Burger Tavern,43,116,2055
DOGtropolis,34,119,892
A & E Factory Service,32,110,924
Virtual IT Group,39,85,242
Danny Seafood,53,113,725
Liberty Dental Group,32,110,926
Rise Combat Sports,32,111,720
Kirkpatrick Management Company,32,111,803
Subway,39,85,264
Kung Fu Tea,40,75,5
E Nails,39,74,3
Bryn Mawr Hospital,39,120,1522
Santo,38,90,118
Dong's Hardwood Floors,36,87,217
Pottery Barn,32,110,826
Tuesday Morning,39,85,231
Breakfast and Burgers,40,74,3
Santa Barbara Balayage by Kara Richard,34,119,285
J & M Barbershop,32,110,878
Pyramid Self Storage,38,90,279
Fly Boise,28,82,48
ABC Lock & Key,39,75,170
"St Charles Coach House, an Ascend Hotel Collection Member",35,86,240
John Anthony Hair Styling For Men,36,86,255
Off Broadway Shoes,40,74,78
QuikTrip,35,86,205
Revel Kitchen,38,89,129
Ryan's Pub,35,86,159
McDonald's,36,87,212
Pizza Hut,32,110,961
Dunedin Jewelers,31,110,863
Custom Glass,39,75,144
Meineke Car Care Center,32,111,699
Essen Motor Company,53,113,694
Band Box Pizza-n-Pub,32,110,894
Zaffiro,39,119,1528
Fairfield Inn & Suites by Marriott Indianapolis Downtown,32,111,658
La Morena Mexican Grocery Store,39,119,1456
Roadhouse Restaurant,40,75,204
Lance's Rv Center,32,111,672
Anywhere Coffee & Drink,39,86,205
Frame 56,32,110,943
Teresa's Mosaic Cafe,32,111,706
Tucson Dragway,32,110,939
Nickerson Roofing Company,39,120,1825
Sammy's Mexican Grill,32,110,959
El Cactus,40,75,150
Tashiology Skincare,32,110,820
Triumph Krav Maga,29,90,3
Dak's Pizza And Games,32,111,746
Lawrence Foods,36,87,171
Walden Lake Golf & Country Club,27,82,37
Holiday Inn Express & Suites Chalmette - New Orleans S,29,89,0
2 Fat Guys,39,75,81
Crisp Food Truck,43,116,895
Desert Air,39,119,1432
Vicious Vanity Ink,28,82,42
Holiday Inn Express & Suites Nashville-Opryland,36,86,121
Williamson County Parks and Recreation,35,86,193
"Mid-State Air Conditioning, Heating & Plumbing",35,87,258
Lakes of Chateau North,30,90,2
RV Country,39,119,1337
Great Clips,31,110,866
Saint Mary's Medical Group,39,119,1556
Eckert's Country Store & Farms,38,89,151
Intelligent Design Air Conditioning and Heating,32,111,693
Desert Fox Paintball Outfitters,32,110,929
Pleasant View Orchard,39,85,247
Arizona National Golf Club,32,110,831
Beauty and Beasts Salon,32,110,907
The Duke,36,86,119
7-Eleven,39,119,1477
Northampton Valley Country Club,40,74,99
Burger King,39,119,1558
Knowlwood Tennis Club,34,119,86
Lifestyle Spectrum,32,111,703
Irish Italian Isle帽os Parade,29,89,1
Arby's,32,110,957
Sun City Oro Valley,32,110,901
Anamax Park,31,110,881
uBreakiFix,43,116,850
Wetos Locos,43,116,1115
Salisbury Greenhouses & Landscaping,53,113,740
Mi Tierra Restaurant,32,110,955
Byer Lock Shop,39,74,5
Foxfire Restaurant,39,75,147
SPCA of Tennessee,36,86,230
KME Smart Home Systems,39,75,152
The Bungalows At Sky Vista,39,119,1523
Culina Muttart,53,113,625
Bountiful Baskets,39,119,1429
The Carpet & Tile Magicians,32,111,630
Mission Accomplished Tire & Auto,38,89,134
The Farm at Natchez Trace,35,87,206
Taco Bell,35,86,184
Big 5,31,110,848
146 East Salon,40,74,66
Green Lawn Care & Landscape,43,116,851
Carrington Hills,35,86,238
Little Caesars,39,119,1554
Sansum Clinic Foothill Medical & Surgical Center,34,119,71
Chumash Painted Cave State Historic Park,34,119,413
Tucson Mountain Park,32,111,808
Aquaclear,39,119,2647
Ray鈥檚 Boozy Cupcakes Bakery,39,74,59
Perfect Look,43,116,852
My Love Nails,38,89,183
Pools By Design,32,111,708
North Valleys Regional Park,39,119,1533
The Golf Club At Dove Mountain,32,111,806
Nails Golden Valley,39,119,1567
Rick's Heritage Saddlery,39,75,162
A&W Restaurant,32,110,863
DB Pest Solutions,40,74,84
Gyro Cafe And Grill,36,87,128
Canoe Music City,36,87,161
Main Line Nails,40,75,152
CS Automotive,36,86,254
Rainbow Wooden Art,39,119,1904
Toro Canyon Park,34,119,165
Boise Valley Towing,43,116,884
Balm Boyette Scrub Preserve,27,82,44
Rancho San Marcos Golf Course,34,119,252
Tanque Verde Falls Trail,32,110,931
Mt Rose Summit,39,119,1941
Budget Car and Truck Rental,43,116,860
Exceptional Pets,31,110,861
Freak Alley Gallery,43,116,1089
Beautiful Homes Nevada,39,119,1441
Farms at Cool Springs Apartments,35,86,233
We Grow Hair - PAI Medical Group,36,86,234
Mac Expert,34,119,81
Kar Enterprise,32,111,638
Darryl Widman's Television City,34,119,170
Subway,43,116,921
Indy Water Heater and Softener,39,86,285
Coyote Pause Cafe,32,111,802
Tim Hortons,53,113,648
Burger King,40,75,180
The Pet Nanny In Home Pet Sitting,32,110,864
High Level Bridge,53,113,609
China Moon,29,89,8
Sweetwater Preserve,32,111,789
The Wharton Esherick Museum,40,75,192
Comfort Inn Airport,43,116,864
Villa Bugambilias by MC Residential,32,110,823
Montecito Family YMCA,34,119,47
Tributary Whitewater Tours,39,120,1711
Brandywine Valley SPCA,39,75,151
Vivace,32,110,840
Papa Mike's Homemade Jerky,32,110,815
American Legion Post 66,31,110,903
Fat Eyes Web Development,34,119,191
Houghton Meat Market,32,110,859
Saguaro Corners Restaurant & Bar,32,110,930
Danny Douglas Catering,34,119,701
United Veterans Roofing,40,74,108
Limb Walkers Tree Service,38,90,267
Tannenbaum - An Alpine Event Center,39,119,2175
Float Wellness & Massage,53,113,703
Zeta Hair & Day Spa,31,110,884
Wrightstown Country Store,40,74,113
TurfGator,38,89,137
Shilo Inn Suites Hotel Boise Airport,43,116,878
Quality Septic,28,82,51
Cafe Del Rio,39,119,1892
Tucson Adventure Dog Ranch,31,110,926
Saint Leo University,28,82,63
Arizona Eye Consultants,32,111,721
Days Inn by Wyndham Joelton/Nashville,36,86,246
eBoom Electric Bikes,39,86,288
Breakers Water Park,32,111,637
Sterling Limousine & Transportation Services,40,74,102
Discovery Point - Kings Mill,27,82,43
Rodeway Inn Airport,43,116,872
Indy Lakes,39,86,202
Best Western Northwest Lodge,43,116,918
Pantano Christian Church,32,110,876
Substance Diner,32,110,1034
Grille Billy's,35,87,261
Albo Appliance,39,74,6
Madera Veterinary Hospital,32,110,904
Tucson Federal Credit Union,32,111,739
Yeoman Lawn and Landscape,39,119,1527
Rose Canyon Lake,32,110,1734
Quail Hollow Golf Club,43,116,873
Domino's Pizza,31,110,868
Tazah Kabob,43,116,854
Save-On-Foods,53,113,695
Geist Gentle Dentist,39,85,254
Gold Bar Park,53,113,642
Cafe 31,36,86,259
Somersett Golf and Country Club,39,119,1586
Anew Bathtub Repair & Refinishing,39,119,1480
Walgreens,32,110,695
Sonic Drive-In,36,87,178
Center Stage Antiques,39,74,4
Wendy's,32,111,657
E. L. Wiegand Fitness Center,39,119,1399
The Computer Doctor,29,90,26
The Great Canadian Bagel,53,113,718
Riverwalk Marketplace,29,90,20
Walgreens,32,110,967
Saguaro Aquatics,32,111,728
Hoss鈥?Loaded Burger Shop,35,86,176
The Glass Factory,34,119,934
MK3 Electrical,40,75,251
Holmes Farm,40,75,194
Pedro's Cocina Mexicana,36,87,220
Schnucks Dillon,38,90,233
La Carreta del Rorro,32,111,659
Santa Barbara Golf Club,34,119,74
Li's Asian Buffet,36,87,121
Montgomery Automotive,32,110,694
Carmelita's Crazy Cravings,39,119,1559
Antonucci Lawn and Garden,39,119,1475
Leap & Bounce 4 Fun,38,89,139
Vail Heating & Cooling,32,110,1039
Bulldog Mobile Detailing,36,87,243
"Kai D Funke, DDS",39,119,1390
Extended Stay America Nashville - Brentwood,36,86,245
Montecito Peak Hike,34,119,196
Tangerine Falls,34,119,235
Payne Chevrolet,36,86,228
Custom Floor Care,39,119,1561
A Cup Of Organic,28,82,62
Fletcher's Tire & Auto Service,32,111,650
Taco Bell,31,110,853
Winchester Canyon Gun Club,34,119,932
Reno Tow & Transport,39,119,1585
TheOfficeBoss Mail Center,39,119,1489
鈥婼ilent Stay Meditation & Retreat Center,34,119,205
Broke N Bored Grill,34,119,133
Mid Peninsula Seafood,39,119,1437
The Woodhouse Day Spa - Franklin,32,110,916
Elements Restoration,32,111,742
Playground Bar & Lounge,32,111,778
CVS Pharmacy,32,110,947
Glitz Nail Studio,32,111,716
1843 Memorials,36,86,235
Klement Family Dental,39,119,1502
Hing Far Chinese Restaurant,34,119,87
Mellow Massage & Yoga,34,119,148
Outback Steakhouse,53,113,630
Casa De Oro,35,86,195
Billy Wright's Manuel's Style Hot Tamales,39,119,1548
St. Louis Hills Auto Service,30,90,11
French Truck Coffee,32,111,642
Kimpton Hotel Palomar Philadelphia,40,75,210
Ambassador Diamond Jewelers,40,75,198
United Nissan Reno,35,86,175
Victor's Auto Care,32,111,726
uBreakiFix,32,111,801
Faces of Virtue Makeup Studio,28,82,57
Huddle Bar & Grill,35,86,250
Vanity Salon ,39,120,1855
Hertz Rent A Car,32,110,853
South Philadelphia Locksmith,40,74,124
ACME Markets,32,110,1043
Wax Studio,32,111,763
Thistle,32,110,869
VIP Nails,40,74,1
O'harro Furniture Repair,43,116,774
World's Fair Donuts,29,89,15
Gary & Mikes Auto Clinic,38,90,218
Liberty Gas Station,39,120,1818
Somethin'different,28,82,47
Jugo Juice,35,86,162
Town & Country Golf Links,39,75,6
Trouble's End Brewing,38,89,148
Kenner City Park Pavilion,39,75,5
The Sunkissed,27,82,51
Coach Factory Store,34,119,166
Tampa Bay Rum Company,32,110,960
Ghost City Tours,32,111,669
NOLA Flyboarding,39,74,58
"Scott Hall, DDS",53,113,633
Jennifer Lee Photography,32,110,1050
LeBus Bakery Outlet,34,119,129
The Conshy Corner Tavern,40,75,177
Sleep Inn & Suites,36,87,175
Terminal D1,34,119,444
Weak Knee Home Brew Supply,36,87,186
I Heart Nails Salon & Spa,53,113,733
Frank's Servicenter,40,74,0
"Hermanos Hotdogs, Tacos",28,82,59
Jack's Original Barbeque,32,111,780
Jersey Mike's Subs,39,86,201
The Bagel Stand,32,111,792
Deany Boy's Family Steakhouse,36,87,177
St Clair Antique Mall,39,119,1897
"Carsource, Inc.",40,74,117
MamaBuntz Donut Company,40,74,74
Chili Szechuan,32,111,656
US Post Office,39,119,1450
Country Flooring Direct,36,87,170
McDonald's,38,89,133
Red Rock Trail,34,119,299
Anytime Fitness,39,119,1535
Saabs Unlimited,39,119,1542
Holman Florist,35,87,259
Fairmont Macdonald Fitness Centre,53,113,621
Dave's Diner,38,90,286
Daisy Mae's Steakhouse,32,111,761
Shady Acres Cafe,43,116,769
Cardinal Landscaping,32,111,757
Applebee's,38,90,242
Two Guys And A Sponge,32,110,1025
Luma Diamond,39,75,2
Krapf's Coaches,39,75,153
Smith's,39,119,1560
Sage Hill Campground,34,119,287
BMW of Nashville,35,86,241
"Golly G's Coffee, Ice Cream & Sweets",36,87,228
C & L Heating and Air Conditioning,34,119,177
Eyeglass World,39,85,267
Jiffy Food Stores,28,82,61
Mount Lemmon,32,110,2572
Vintage,39,119,1504
SBIFF Riviera Theatre,34,119,145
Santa Barbara Tennis Club,34,119,158
All Service Citgo,42,73,196
The Koto Group,34,119,84
The Tap Room,39,86,281
P&D Flower Farm,39,85,241
Bolita Bakery,32,111,758
1st Choice Pools Building & Design,32,111,809
The Gallery Golf Club,32,111,864
The Yard Sale Store,35,86,170
Tabano Hollow Open Space,34,119,32
Lakeside Specialized Transportation,39,119,1467
E Spa Nails,32,111,765
Oscar's Cooling & Heating,31,110,877
Molipazzo,36,86,266
Sugarland Ranch,39,119,1669
Blue Moon Florist,40,75,173
Arizona Auto Spa,32,111,732
DAN Talent Group,35,86,253
Jen鈥檚 Grooming,39,119,1606
Rawhide Feed & Supply,32,110,969
Idaho Humane Society,43,116,856
"Unscripted Productions, Ltd",40,74,119
TLC Tree Services,34,119,161
The Grey Stone Fine Food and Spirits,40,74,87
CRAIG PRICE INC,39,120,1821
Moontown Brewing Company,39,86,289
Carmel Joy Baird,53,113,619
Comstock Equine Hospital,39,119,1466
Local's Pizzeria,40,75,207
Grease Monkey,32,110,819
Sierra Sage Apartments,39,119,1562
San Ysidro Falls Trail,34,119,128
United Structural Systems,36,87,225
Chinese Dragon,38,89,143
Washoe Lake State Park,39,119,1536
Arizona-Sonora Desert Museum,32,111,858
Simply Living Life-wholsome Foods,35,86,248
Leading Edge Physiotherapy,53,113,620
The Brim Coffee House,43,116,775
Dandy Tree Service,36,86,277
Malta Joe's Baked Goods,32,111,686
WorldMark Rancho Vistoso,32,110,893
Del Lago Golf Club,32,110,990
Life Care Center of Tucson,32,111,707
Korling Construction,34,119,89
Revival Pizza Pub,40,75,189
Oro Valley Pediatrics,32,110,862
Little City Window Cleaning,39,119,1611
Wesley Financial Group,35,86,243
The Sundance Cafe,39,120,1894
Golden Wings,32,111,723
Pollo Tropical,39,119,1584
Healing One,43,116,875
Freshii,34,119,111
Miloki Flow,35,86,161
Sunoco,38,89,187
O2 Easy Vape Lounge,40,74,112
Wyndham Garden Hotel Philadelphia Airport,39,119,1398
Feet First,34,119,108
Mathnasium,34,119,864
La Hacienda,38,89,135
CPR Cell Phone Repair St. Pete,40,75,191
Smokin' Buttz,32,111,662
Best Day Massage,43,116,857
McDonald's,38,90,239
Crescent City Cat Sitters,32,110,882
Sahara Grill,43,116,1148
Ben Bridge Jeweler,40,75,197
McDonald's,40,74,81
Tessani Hair Studio,36,86,124
Deluxe Nails And Spa,32,110,867
Td Bank,43,116,765
ACME Markets,36,86,249
Tim Friday - Magician,38,90,254
Hardcore Trucks,39,119,1510
Silver Maple Pet Center,32,110,2536
Commerce Bank,31,110,825
Adriatic Cafe,38,90,270
Sahuarita Pecan Festival,36,87,134
West County Plastic Surgeons,36,87,234
East Bradford Nail and Day Spa,32,110,1001
The Car Care Center,36,87,190
Watershed Nature Center,38,89,140
Arid Lands Greenhouses,32,111,784
Bloom Photo Booth,32,111,834
The Bluffs Apartments Homes,39,119,1524
Capitol Theatre,53,113,626
Agility Spine and Sports Physical Therapy,32,111,722
Roadrunner Market,31,110,1016
The Lodge,39,119,1804
La Casita De Molina,32,111,777
Canter Hill Farm,40,75,211
Outdoor Adventures,43,116,865
Mission Santa Barbara,34,119,106
Tiny's Saloon & Steakhouse,32,111,787
Guns & Gold Pawn,32,111,622
Franco's Pizza & Steak House,53,113,649
Manhattan Athletic Club,29,90,6
Staples,40,74,76
Lotusland,34,119,159
Brandywine YMCA,40,75,188
Philadelphia Taxi Cab,40,75,2
Horizon Air,43,116,858
Tucson Mountain Stables,32,111,639
Mt Lemmon Oktoberfest,32,110,2340
Anasazi Stone,32,111,628
Devil's Acre Tavern,40,75,178
Aisle 1 Gas Station,39,119,1515
Wells Fargo Bank,39,119,1434
Sierra Sage Golf Course,39,119,1551
Case Park,32,110,844
Sonic Drive-In,36,86,269
Buck Creek Winery,39,85,240
Catalina Inn,32,110,941
All Fur Love Grooming,39,119,1508
Shuckles Corn Maze At Fiddle Dee Farm,36,86,253
Dooleys Wood Works,39,119,1565
The Goddard School,39,119,1516
Cavalier Transportation,31,110,838
Eternity Fine Portraits,32,110,979
Smokin' Barrel BBQ,39,85,249
Krispy Krunchy Chicken,38,90,238
Bargain Moving Company - Nashville,36,86,238
Paratus Training,34,119,914
House of Hounds,43,116,874
Arizona Painting Company,32,111,705
Toast Design Studio,34,119,163
Canine Country Truckee,39,120,1709
Acme Detection,34,119,169
Bellagio Nail Bar,35,86,270
Tay's Brew House,31,110,1022
Tiggeriffic Preschool & Daycare,43,116,894
Harley-Davidson of Tucson,32,111,661
Pack Rat Masters,32,111,790
Ciones Italiano,32,110,1028
Burger King,43,116,914
Sonoran Reserve,32,111,762
Mustang Ranch,39,119,1321
Dutch Way Carpet And Upholstery Cleaners,40,74,116
Natchez Trace Veterinary Services - Franklin,35,86,265
Adams Moving Services,39,75,4
Monkey Business Eatertainment,32,111,648
Saturno Home Inspection,39,120,1931
The Peregrine Fund's World Center for Birds of Prey,43,116,941
Sierra Cafe,39,120,1530
Holly Fleur,39,119,1553
Grace Church,39,119,1482
Rattlesnake Canyon,34,119,178
Pizza Hut,32,111,821
Jude Travel Park of New Orleans,31,110,1072
Belle Beaute,38,90,224
"Aspen Ralph, DO ,PLLC",43,116,2032
Taco Bell,39,85,245
Charlie's Hair and Nail Designs,39,119,1913
Milestones and Memories,34,119,138
Willow Springs Apartments,34,119,110
Hair Cuttery,39,120,1694
West End Synagogue,31,110,994
G's GroPro,39,120,1812
The Computer Geeks,39,85,248
Pasco Dental,34,119,350
Major Wing Lee Grocery Market,35,86,249
Tucson Coin and Autograph,32,110,1035
Canadian Canine Training,53,113,751
Unch's Bar And Grill,38,90,121
All-Pro Carpet & Upholstery Cleaning,32,110,697
Voyager RV Resort,32,110,865
Subway,36,87,131
Peter Piper Pizza,39,119,1537
Pink & White Nails & Serenity Spa,35,86,279
Northview Church Carmel Campus,43,116,980
Raising Cane's Chicken Fingers,38,89,131
American Collectors Insurance,38,90,117
IHOP,35,86,174
Ginza Japanese Restaurant,32,110,936
Independence Auto Sale,43,116,760
The Portico Cafe,36,86,274
BBQ Unlimited,40,74,97
Wax Parlor Skin Studio,34,119,78
Miracle on Chouteau,53,113,729
Enrights Tree Service,38,90,225
Sally Beauty Supply,36,87,222
Downtown Nashville YMCA,39,119,1435
Corporation Bar & Grill,39,119,1883
The Springs,38,90,255
Craig Tolbert Realty,32,111,812
B L Ward & Associates,32,110,913
Soho Sushi Burrito,36,87,202
Golden Impulse,32,111,772
Airplant Alchemy,32,111,634
Martin's Bar-B-Que Joint,39,85,244
The Chair Salon Studio,32,111,632
McDonald's,39,119,1872
Loop Lofts,40,75,185
Liberty Party Rental,34,119,102
Mercy-GoHealth Urgent Care,32,111,743
EFFIZZI African Hair braiding Shop,32,111,782
Taco Bell,35,87,253
Franke Physical Therapy,36,86,282
Keva Juice,43,116,879
Isabel's Bakery,39,85,233
All Pro Painting Company,39,119,1519
Keller's Auto Repair & Service Center,39,74,57
Johnson's Cafe,53,113,613
Casanova's Seafood,29,89,10
Anytime Movers,36,87,189
The Fancy Fig Cafe and Catering,40,74,105
Marina's Harp and Piano Studio,39,119,1446
Santa Barbara Hot Rod Limo,34,119,839
Everybody Loves Raymond's Tree Service,32,110,964
Mountain View Animal Clinic,32,110,998
Santa Barbara Carpet Cleaning,34,119,123
Martinez Custom Painting,32,110,873
First Inspection Services,32,111,862
Korman Residential at Willow Shores,40,75,6
Wings of Shiloh,38,89,197
Royaile Pet Lodge,32,111,882
Miraval Arizona Resort & Spa,32,110,951
Salud Oyster Bar & Grill,32,111,753
The Highlands at Dove Mountain,32,111,836
Wild Burro Trailhead,32,111,857
Casino of the Sun,32,111,779
Gates Pass,32,111,932
White Stallion Ranch,32,111,635
Lucia Kiel Portraits,34,119,312
Ferrellgas,39,119,1587
Crawfords Pest Control,43,116,1718
Camille Beckman,43,116,771
McClintock's Restaurant,32,111,986
Spotted Bull Eatery & Bar,32,110,997
Geiger Lookout,39,119,1675
Jefferson's Restaurant,38,89,130
Disruptive Paintball & Airsoft Field,32,111,615
Hotrods Old Vail,32,110,927
Action Lawn & Landscape,39,119,1530
Integrity Moves Moving Labor,31,110,904
Belleair Country Club,34,119,212
Like New Mobile Dent Repair,32,110,2366
Batteries Plus Bulbs,31,110,1049
El Cerrito Mexican Restaurant Bar & Grill,35,86,157
Big Diamond Importer & Fine Jewelry,32,110,984
Lara's Auto Repair,39,119,1588
Red Hot Tiki Spicy Gourmet Market,34,119,120
Hertz Rent A Car,32,110,1015
Elegance Alterations,39,85,269
Chick-fil-A,40,74,82
Kings Oak,38,90,226
China 1,34,119,154
Core,39,119,1512
The Parking Spot,31,110,890
Romano's Macaroni Grill,36,86,241
"Roast, Inc",32,110,987
Orangetheory Fitness Downtown Indianapolis,38,90,280
Wienerschnitzel,36,86,116
Raising Cane's Chicken Fingers,39,119,1575
La Fusion ,39,119,1577
Nola Mix Records,28,82,70
Mid-City Theatre,36,87,144
Magical Sweet Shop,32,111,633
Ninja Bao,36,86,113
Extended Stay America - Tampa - Airport - N. Westshore Blvd.,32,110,2777
El Checo Mexican Food,31,110,824
The Vegan Burrito,32,111,791
St Mary's Seminary,34,119,335
Los Padres fence,34,119,41
Lodgepole Cafe,39,119,2529
Kumquat Growers,28,82,64
Broadway Veterinary Hospital,43,92,320
Mission Historical Park & Rose Gardens,34,119,104
Renewal by Andersen of Boise,43,116,863
Bear Canyon Painting Contractors,32,110,872
Coach's All American Bar & Grill,31,110,876
Rockin' Z Doggie Ranch,31,110,1077
OnTrac,43,116,880
Edmonton Convention Centre,53,113,643
Sawmill Run Restaurant,32,110,2401
Shiatsu Rincon,34,119,141
Santa Barbara Botanic Garden,34,119,231
O鈥橞rien鈥檚 Southern Diner,36,87,132
Phoenix Animal Rescue,40,75,219
Fremont Campground,34,119,353
Picotte Windchimes,34,119,371
German Food Station,32,111,673
Lockwood Market,39,119,1333
Santa Barbara Tamales To Go,34,119,107
Drake Painting,43,116,912
Rancho Palomino Santa Barbata,34,119,162
Mesa Moving and Storage,43,116,927
Vedanta Hindu Temple & Bookstore,34,119,251
Food Lion Inc Store Nbr 693,36,87,208
Stems by Stacy,38,90,287
Pride Mechanical,32,110,937
Access Lock and Key,35,86,254
Silly Safaris,39,85,246
United Drain & Sewer Service,34,119,91
Highland Ranch Homeowners Association,39,119,1453
Civano Nursery Inc,32,110,868
McDonald's,43,116,917
Spring Creek Brewing,43,116,981
Vista Feed & Supply,31,110,943
Vail Electric,32,110,975
Q Nails,38,90,274
Ray's Solar Solutions,31,110,887
High Ridge Animal Hospital,38,90,271
T&A Performance,39,119,1326
Galena Creek Regional Park,39,119,1857
Timeless Sage,39,75,160
Tim Hortons,53,113,723
Mt Lemmon,32,110,2790
Best Kept Secret,32,111,663
Serr's Towing,31,111,962
The Golf Club at Vistoso,32,110,899
113 Automotive,39,75,181
Belle Harbour Marina,28,82,2
ABC Roofing,39,119,1448
Gutter Systems of Southern Az,32,110,968
Calvin Hobson Photography,39,119,1822
Robdogs,32,110,1370
Bricks And Minifigs,39,119,1457
Gil's Hardware,35,86,158
Discount Garage Doors,39,119,1418
North Valley Self Storage,39,119,1595
Wi-Power Internet & Phone,32,111,625
7 Falls Hike,34,119,337
Great Basin Termite & Pest Control,39,119,1531
Lake Jovita Golf and Country Club,28,82,53
Callahan Park,39,119,1681
